seed,lambda,s_true,s_obs,state_correct,state_abs_error,decision_regret,delta_x_l1,exposure_abs_error
101,0.0,0.5555495512075588,0.5555495512075588,1,0.0,7.016940500870206e-11,0.0,0.0
101,0.15,0.5555495512075588,0.6198671193839176,1,0.06431756817635881,9.083853511060447e-07,0.0005570845229070781,0.00014675292668803186
101,0.3,0.5555495512075588,0.6790961043530165,0,0.1235465531454577,1.7366648717986877e-06,0.001066112033919167,0.000280518702950483
101,0.45,0.5555495512075588,0.7319267198934464,0,0.1763771686858876,2.4688905642389347e-06,0.0015148667491771128,0.00039862786731792443
101,0.6,0.5555495512075588,0.7776550352500402,0,0.22210548404248143,3.0951259721995195e-06,0.0019010132430292564,0.0005001211626757818
101,0.75,0.5555495512075588,0.8160071864386574,0,0.26045763523109866,3.6176376645088992e-06,0.0022221829446891633,0.000584586326548453
101,0.9,0.5555495512075588,0.8465236650025662,0,0.29097411379500737,4.032104995478625e-06,0.0024756463592515154,0.0006513952374308518
101,1.0,0.5555495512075588,0.856836847035053,0,0.30128729582749425,4.172080176313708e-06,0.0025607297329567347,0.0006738977414303959
202,0.0,0.4283098548500547,0.4283098548500547,1,0.0,1.4325471850429317e-09,0.0,0.0
202,0.15,0.4283098548500547,0.44388775743397246,1,0.01557790258391778,-1.0899541560277504e-07,0.0001375116238249291,3.624352515751994e-05
202,0.3,0.4283098548500547,0.46125772410206695,1,0.03294786925201226,-2.3210742881168978e-07,0.00029007014453399926,7.651937248237539e-05
202,0.45,0.4283098548500547,0.4806078595323408,1,0.052298004682286126,-3.6919317474015667e-07,0.0004617048786215716,0.00012153453130969716
202,0.6,0.4283098548500547,0.5023348420736039,1,0.07402498722354922,-5.22393675018995e-07,0.000651907606276661,0.00017166516845923407
202,0.75,0.4283098548500547,0.5273312806753961,1,0.09902142582534146,-6.975981501414208e-07,0.0008716305924204026,0.00022925721958955148
202,0.9,0.4283098548500547,0.558393854816565,1,0.13008399996651032,-9.114733464030134e-07,0.0011416323508616488,0.0003004285252146133
202,1.0,0.4283098548500547,0.5988236535380842,1,0.17051379868802952,-1.1520953812141355e-06,0.0014913644821919342,0.0003924812491190588
303,0.0,0.2853530077349324,0.2853530077349324,1,0.0,8.31966360818892e-06,0.0,0.0
303,0.15,0.2853530077349324,0.2664249946151493,1,0.018928013119783094,8.194548547071911e-06,0.00017185824184555443,4.5090309852335864e-05
303,0.3,0.2853530077349324,0.25235342868245264,1,0.032999579052479744,8.10011349405837e-06,0.00029987657179463,7.890144962019452e-05
303,0.45,0.2853530077349324,0.24317652490018862,1,0.04217648283474376,8.039211336414998e-06,0.0003831298524547694,0.00010083426226775716
303,0.6,0.2853530077349324,0.23955899104235065,1,0.045794016692581735,8.01504126102942e-06,0.00041610930296005766,0.00010951225219346661
303,0.75,0.2853530077349324,0.24359819382229436,1,0.04175481391263802,8.042033919443414e-06,0.0003792879223231127,9.982292845045482e-05
303,0.9,0.2853530077349324,0.26286158747340094,1,0.022491420261531447,8.169882569519782e-06,0.00020463975002424362,5.366755763314135e-05
303,1.0,0.2853530077349324,0.33157226319331107,1,0.04621925545837868,8.62662743845305e-06,0.00041562701889392983,0.00010948057117476928
404,0.0,0.5621819116211524,0.5621819116211524,1,0.0,2.669134017974084e-09,0.0,0.0
404,0.15,0.5621819116211524,0.501801094800113,1,0.06038081682103935,5.039097976319851e-07,0.0005289668934285036,0.0001392439611354046
404,0.3,0.5621819116211524,0.43992366214955764,1,0.12225824947159475,1.0229388531513006e-06,0.0010771884498699397,0.0002834977686011486
404,0.45,0.5621819116211524,0.37831891662215533,1,0.18386299499899705,1.545778678377352e-06,0.0016281761295040553,0.0004284701214652964
404,0.6,0.5621819116211524,0.3186597911384963,0,0.2435221204826561,2.081827201676212e-06,0.002168025718212993,0.0005703551455769063
404,0.75,0.5621819116211524,0.2621990513387762,0,0.2999828602823762,2.61563405403592e-06,0.002684347813844218,0.0007063664782847034
404,0.9,0.5621819116211524,0.20900212163505577,0,0.3531797899860966,3.124259389475359e-06,0.0031756858520353426,0.0008356227237436564
404,1.0,0.5621819116211524,0.16799202939225769,0,0.39418988222889473,3.542532051460656e-06,0.0035577759874511894,0.000936103011168643
505,0.0,0.22541133194241056,0.22541133194241056,1,0.0,1.0911301189020506e-05,0.0,0.0
505,0.15,0.22541133194241056,0.21698403656623988,1,0.00842729537617068,1.0941280750610682e-05,7.792817967454402e-05,2.048755768457866e-05
505,0.3,0.22541133194241056,0.2136054915638645,1,0.011805840378546067,1.0951693034000343e-05,0.00010938476329423741,2.875281205522162e-05
505,0.45,0.22541133194241056,0.2156786173177508,1,0.009732714624659772,1.0944620490144219e-05,9.030317821553946e-05,2.3711789715163967e-05
505,0.6,0.22541133194241056,0.2245953631384626,1,0.000815968803947964,1.0915006402406613e-05,7.674568637053292e-06,1.9077217673357794e-06
505,0.75,0.22541133194241056,0.24398899096271193,1,0.018577659020301368,1.0849553696283543e-05,0.00017222523953212832,4.512585839028249e-05
505,0.9,0.22541133194241056,0.2858950047326121,1,0.06048367279020153,1.0707705746862417e-05,0.0005568832250723577,0.00014643692186544488
505,1.0,0.22541133194241056,0.39669208486243845,0,0.1712807529200279,1.0424697525684978e-05,0.0015587134341467218,0.0004103284452295908
606,0.0,0.3117281818592484,0.3117281818592484,1,0.0,2.0592754338258357e-05,0.0,0.0
606,0.15,0.3117281818592484,0.30786765937280797,1,0.003860522486440421,2.0578724660311187e-05,3.449677082749403e-05,9.11135118597528e-06
606,0.3,0.3117281818592484,0.3079752940389217,1,0.003752887820326678,2.0581554622783882e-05,3.293592844370863e-05,8.767236670037537e-06
606,0.45,0.3117281818592484,0.31251793586417864,1,0.0007897540049302543,2.0593808859589724e-05,7.435145014458855e-06,1.8070316805118836e-06
606,0.6,0.3117281818592484,0.32263106935755265,1,0.010902887498304259,2.063280562488584e-05,9.952239713091615e-05,2.6088357072906465e-05
606,0.75,0.3117281818592484,0.3409700529229225,0,0.029241871063674096,2.0703222618670414e-05,0.00026635399528031345,6.996717541851716e-05
606,0.9,0.3117281818592484,0.3758161775186257,0,0.06408799565937734,2.0828997355192003e-05,0.0005798948989199915,0.00015248103627463205
606,1.0,0.3117281818592484,0.4550943233003158,0,0.1433661414410674,2.112212905284322e-05,0.0012891504059351355,0.00033902932638413263
707,0.0,0.5098377524488733,0.5098377524488733,1,0.0,4.627251078373473e-06,0.0,0.0
707,0.15,0.5098377524488733,0.5544888238953463,1,0.044651071446472956,4.717937817075302e-06,0.00039098662255451777,0.00010283375909170278
707,0.3,0.5098377524488733,0.5980556885918366,1,0.08821793614296325,4.806001270458993e-06,0.000769196025414115,0.0002024167600844229
707,0.45,0.5098377524488733,0.6398899716962662,1,0.13005221924739285,4.888894262977672e-06,0.0011294942415532166,0.00029729202812628364
707,0.6,0.5098377524488733,0.679426806384107,0,0.1695890539352337,4.966446529836022e-06,0.0014680225837898908,0.00038633663375536864
707,0.75,0.5098377524488733,0.7161815913089795,0,0.2063438388601062,5.0899636826959305e-06,0.0017808396090662065,0.0004685729292713825
707,0.9,0.5098377524488733,0.7496292526647806,0,0.23979150021590734,5.2212270553533835e-06,0.002063271788692908,0.0005429036192979297
707,1.0,0.5098377524488733,0.7684221866512685,0,0.2585844342023952,5.306107065575216e-06,0.0022202928660371712,0.0005845287931224852
808,0.0,0.41153539433647474,0.41153539433647474,1,0.0,1.1470243628047827e-05,0.0,0.0
808,0.15,0.41153539433647474,0.3864386733591613,1,0.025096720977313414,1.1689804446282648e-05,0.00022279218410130308,5.8694095803057955e-05
808,0.3,0.41153539433647474,0.3638686198570297,1,0.04766677447944506,1.1889622267807765e-05,0.00042497786282767736,0.00011182890348793162
808,0.45,0.41153539433647474,0.3439906210653901,1,0.06754477327108466,1.2079308201976002e-05,0.0006037508979649664,0.00015872733395655425
808,0.6,0.41153539433647474,0.32716773410505845,0,0.08436766023141629,1.2242569695002092e-05,0.0007544754696578726,0.0001985316139443416
808,0.75,0.41153539433647474,0.31427642760134195,0,0.09725896673513279,1.2368199124916657e-05,0.0008704292314282852,0.00022911265344033316
808,0.9,0.41153539433647474,0.30825879702580844,0,0.1032765973106663,1.242706546197847e-05,0.0009249746371264717,0.00024339767846498495
808,1.0,0.41153539433647474,0.32632013181405756,0,0.08521526252241718,1.2251366115517692e-05,0.0007621561539338378,0.00020055853527756184
909,0.0,0.2119845900773995,0.2119845900773995,1,0.0,5.339397672540769e-06,0.0,0.0
909,0.15,0.2119845900773995,0.2020715193156723,1,0.009913070761727205,5.379592974932845e-06,9.204274502855325e-05,2.4243602205542558e-05
909,0.3,0.2119845900773995,0.19733682199837363,1,0.014647768079025875,5.39510750183908e-06,0.00013428826833546126,3.551395013073888e-05
909,0.45,0.2119845900773995,0.19808668624400258,1,0.013897903833396924,5.393499391923018e-06,0.00012775445823293152,3.35548971572841e-05
909,0.6,0.2119845900773995,0.20564199976207584,1,0.006342590315323665,5.364252231986055e-06,5.810565821177949e-05,1.5334759148166732e-05
909,0.75,0.2119845900773995,0.2236166324814949,1,0.011632042404095405,5.295421034244574e-06,0.0001071300696287164,2.825869084366328e-05
909,0.9,0.2119845900773995,0.264284659094987,1,0.05230006901758749,5.144460416744989e-06,0.0004807067024370365,0.00012639911149631144
909,1.0,0.2119845900773995,0.3771513465503301,0,0.1651667564729306,4.740327666827304e-06,0.0015013267706874417,0.0003949421270779685
1010,0.0,0.5365971448808651,0.5365971448808651,1,0.0,1.826397077871883e-05,0.0,0.0
1010,0.15,0.5365971448808651,0.485700900145295,1,0.050896244735570084,1.7452141776376495e-05,0.000446089146070236,0.00011739249460346324
1010,0.3,0.5365971448808651,0.4342550601857133,1,0.10234208469515177,1.662692531623211e-05,0.0009003556298775583,0.0002370958641237375
1010,0.45,0.5365971448808651,0.38328042632761383,1,0.15331671855325124,1.579707530801472e-05,0.0013557956589115294,0.00035675751814573387
1010,0.6,0.5365971448808651,0.3337008373418701,1,0.20289630753899496,1.5012068836209314e-05,0.0018021048042498045,0.0004741151155472356
1010,0.75,0.5365971448808651,0.2861783827363111,0,0.250418762144554,1.4264187339053935e-05,0.002234070823768919,0.0005877788344130774
1010,0.9,0.5365971448808651,0.24061729418920105,0,0.295979850691664,1.3562304059619446e-05,0.0026516139737962907,0.0006976860102494431
1010,1.0,0.5365971448808651,0.20619357235848912,0,0.33040357252237595,1.3034723785290692e-05,0.00296919221825874,0.0007812722457751775
1111,0.0,0.3152404933269303,0.3152404933269303,1,0.0,1.222898955710594e-09,0.0,0.0
1111,0.15,0.3152404933269303,0.35851079314449336,0,0.04327029981756303,-3.877044717423561e-07,0.00038896498229633314,0.00010242497300161357
1111,0.3,0.3152404933269303,0.4085995591193189,0,0.09335906579238856,-8.347912933207025e-07,0.0008359671782649652,0.00022000542239242193
1111,0.45,0.3152404933269303,0.46570747871985496,0,0.15046698539292463,-1.34061951505976e-06,0.0013407446229649483,0.000352669969278685
1111,0.6,0.3152404933269303,0.5299394128735508,0,0.21469891954662051,-1.901672554607825e-06,0.0019017384606287574,0.0005003759441848943
1111,0.75,0.3152404933269303,0.6016895360098281,0,0.2864490426828978,-2.5214583819627157e-06,0.002521425710829431,0.0006634367477532654
1111,0.9,0.3152404933269303,0.6840822356708807,0,0.36884174234395034,-3.176187769862726e-06,0.003222764382152063,0.0008480398546540369
1111,1.0,0.3152404933269303,0.7745431027924762,0,0.45930260946554585,-3.869077800700005e-06,0.003983167522988246,0.0010477937404256288
1212,0.0,0.6925971329298678,0.6925971329298678,1,0.0,1.8826266795501923e-09,0.0,0.0
1212,0.15,0.6925971329298678,0.6815775020714484,1,0.011019630858419394,-4.067588864342664e-08,9.364203383793734e-05,2.455351833297037e-05
1212,0.3,0.6925971329298678,0.6661311166362076,0,0.02646601629366019,-9.616158699182753e-08,0.00022393938050294104,5.898407713689213e-05
1212,0.45,0.6925971329298678,0.6454716258562692,0,0.04712550707359864,-1.7612613623096962e-07,0.000400672065659205,0.00010528264295944778
1212,0.6,0.6925971329298678,0.6181158320901957,0,0.07448130083967208,-2.723069345705875e-07,0.0006338380999360155,0.00016671219254194014
1212,0.75,0.6925971329298678,0.5810140921331095,0,0.11158304079675829,-3.9372061991921337e-07,0.0009526625513945897,0.00025059433191743086
1212,0.9,0.6925971329298678,0.525392962545087,0,0.16720417038478075,-5.758154623669576e-07,0.0014341112716138305,0.00037739741096631807
1212,1.0,0.6925971329298678,0.4303422570900281,0,0.2622548758398397,-8.941081282368146e-07,0.0022689218694301877,0.0005969301644576097
1313,0.0,0.6411409497882891,0.6411409497882891,1,0.0,2.4772797216354725e-09,0.0,0.0
1313,0.15,0.6411409497882891,0.5840281283699998,1,0.05711282141828922,-4.808410881060321e-07,0.0004894030573807939,0.00012881770147615823
1313,0.3,0.6411409497882891,0.5211735474974193,1,0.11996740229086977,-1.0168767771018272e-06,0.0010340900761545702,0.0002723059886940993
1313,0.45,0.6411409497882891,0.45387522273329495,1,0.1872657270549941,-1.558467573763156e-06,0.0016255158635079536,0.0004276560749553737
1313,0.6,0.6411409497882891,0.38380382196395746,1,0.2573371278243316,-2.129771769734945e-06,0.0022472565084426105,0.0005914322069605626
1313,0.75,0.6411409497882891,0.3125409901219499,0,0.32859995966633915,-2.7175244576155277e-06,0.0028885053060244276,0.0007600620428787064
1313,0.9,0.6411409497882891,0.23983599756772953,0,0.4013049522205595,-3.326080342827553e-06,0.0035517735200825823,0.0009346266066913578
1313,1.0,0.6411409497882891,0.17324295361275804,0,0.467897996175531,-3.890799371138176e-06,0.004166707438685649,0.0010964869359976759
1414,0.0,0.3286848153660879,0.3286848153660879,1,0.0,1.8546268756858275e-09,0.0,0.0
1414,0.15,0.3286848153660879,0.35185225116830987,0,0.02316743580222197,1.45894529825219e-07,0.00020804680952592192,5.476548402155723e-05
1414,0.3,0.3286848153660879,0.3796719373574048,0,0.050987121991316886,3.178005731352407e-07,0.00045596722018254043,0.00012006744362091926
1414,0.45,0.3286848153660879,0.41282724671678905,0,0.08414243135070115,5.23048453160424e-07,0.000752306752055204,0.0001979901038653975
1414,0.6,0.3286848153660879,0.45246842819980904,0,0.12378361283372113,7.924381115187451e-07,0.0011025956934407194,0.000290126787142464
1414,0.75,0.3286848153660879,0.5008507337716899,0,0.17216591840560197,1.1241778656925772e-06,0.0015272622918493517,0.00040178935602708243
1414,0.9,0.3286848153660879,0.5645448384795825,0,0.23586002311349458,1.5562466214244508e-06,0.0020802740640230993,0.0005473483841307858
1414,1.0,0.3286848153660879,0.653474943550269,0,0.3247901281841811,2.149352060457077e-06,0.0028418482296028863,0.0007477788892905068
1515,0.0,0.1156425963991648,0.1156425963991648,1,0.0,2.7993124485092835e-09,0.0,0.0
1515,0.15,0.1156425963991648,0.13307259570859442,1,0.017429999309429622,1.860172496939705e-07,0.0001654598319206918,4.3710190040568975e-05
1515,0.3,0.1156425963991648,0.15894574103994272,1,0.04330314464077792,4.5220494363645836e-07,0.0004092144634871564,0.0001078332388681491
1515,0.45,0.1156425963991648,0.19703978196689903,1,0.08139718556773423,8.442982528875098e-07,0.000766233696800539,0.00020184068098888508
1515,0.6,0.1156425963991648,0.2538152704008056,1,0.1381726740016408,1.4447409893356133e-06,0.001296152632746822,0.0003411400330928793
1515,0.75,0.1156425963991648,0.3409189391699237,0,0.22527634277075892,2.4547211938258373e-06,0.00209679301457015,0.0005516547547232409
1515,0.9,0.1156425963991648,0.4842359671127859,0,0.3685933707136211,4.296859987540369e-06,0.0033871800457839774,0.0008912362152301845
1515,1.0,0.1156425963991648,0.7140627425621019,0,0.598420146162937,7.26803238937368e-06,0.005390675262954087,0.001418430407760518
1616,0.0,0.7106737133034384,0.7106737133034384,1,0.0,2.6901080398183952e-05,0.0,0.0
1616,0.15,0.7106737133034384,0.7124966639815442,1,0.0018229506781057836,2.6885959070598042e-05,1.5366815062284322e-05,4.059157130975599e-06
1616,0.3,0.7106737133034384,0.7099961023954283,1,0.0006776109080101067,2.6906953632332975e-05,5.802952567232622e-06,1.5110343353774702e-06
1616,0.45,0.7106737133034384,0.7025931880489413,1,0.008080525254497095,2.6969109739129193e-05,6.910631385340094e-05,1.8014872632698964e-05
1616,0.6,0.7106737133034384,0.6889309355046299,1,0.02174277779880851,2.708514677451923e-05,0.00018542857536742174,4.8593747608571825e-05
1616,0.75,0.7106737133034384,0.6658903676492035,0,0.04478334565423492,2.727682135351961e-05,0.0003806725987422904,0.00010031015355405071
1616,0.9,0.7106737133034384,0.6238718763273668,0,0.08680183697607158,2.7636123148919167e-05,0.0007411561937814976,0.0001949587405160047
1616,1.0,0.7106737133034384,0.5317071427850686,0,0.17896657051836984,2.8424459163234328e-05,0.0015398414132032634,0.0004052446373932761
1717,0.0,0.6320836560520945,0.6320836560520945,1,0.0,2.9292225797727944e-09,0.0,0.0
1717,0.15,0.6320836560520945,0.5888240044407197,1,0.043259651611374794,-2.3582201958555205e-07,0.00036982444199594455,9.719101299188182e-05
1717,0.3,0.6320836560520945,0.5409989393842634,1,0.09108471666783113,-4.997619134153308e-07,0.0007808623199995479,0.00020545599933396996
1717,0.45,0.6320836560520945,0.48886799113630447,1,0.14321566491579002,-7.65101227317988e-07,0.0012329299810275585,0.00032442798937498685
1717,0.6,0.6320836560520945,0.4327066041914305,1,0.199377051860664,-1.049109777169488e-06,0.001725556212397228,0.00045399140853708
1717,0.75,0.6320836560520945,0.3724456209273626,1,0.2596380351247319,-1.3564951695729799e-06,0.0022599733104121805,0.0005945833445341608
1717,0.9,0.6320836560520945,0.3058197862686624,0,0.3262638697834321,-1.6963329622990408e-06,0.002855668315207255,0.0007513548403715875
1717,1.0,0.6320836560520945,0.2363282941997339,0,0.3957553618523606,-2.0548617762419785e-06,0.0034856192495390514,0.0009169493087693437
1818,0.0,0.7271191208666512,0.7271191208666512,1,0.0,4.51302191450953e-09,0.0,0.0
1818,0.15,0.7271191208666512,0.7514230297056824,1,0.02430390883903122,1.7998716140416038e-07,0.0002048760566347313,5.403833702605221e-05
1818,0.3,0.7271191208666512,0.7701949118468113,1,0.04307579098016012,3.129321916386929e-07,0.00036436145113488694,9.560393229468556e-05
1818,0.45,0.7271191208666512,0.7836332036952512,1,0.05651408282860004,4.0974351723371827e-07,0.00047628363968205134,0.00012524343177461317
1818,0.6,0.7271191208666512,0.7913434539935446,1,0.06422433312689335,4.6461063377134515e-07,0.0005409441961640588,0.00014229005504451386
1818,0.75,0.7271191208666512,0.7915829550334748,1,0.06446383416682355,4.662639167957172e-07,0.0005429095075250301,0.00014277537734541657
1818,0.9,0.7271191208666512,0.7774199463820256,1,0.0503008255153744,3.654385121176773e-07,0.00042416507683842863,0.00011152762676625017
1818,1.0,0.7271191208666512,0.7140217266847672,1,0.013097394181884048,-9.00246741736277e-08,0.00011093249917897008,2.9215648520430904e-05
1919,0.0,0.34176168895304393,0.34176168895304393,1,0.0,2.704128691799479e-09,0.0,0.0
1919,0.15,0.34176168895304393,0.3467770785576324,1,0.005015389604588472,1.465217079610337e-08,4.456192242080492e-05,1.1706577447645472e-05
1919,0.3,0.34176168895304393,0.3553372115513008,1,0.013575522598256895,3.540822572645208e-08,0.0001210122947951503,3.173357278207778e-05
1919,0.45,0.34176168895304393,0.3679701518790177,1,0.026208462925973786,5.8609437178502866e-08,0.00023579150372150803,6.190927804672341e-05
1919,0.6,0.34176168895304393,0.38576299947248827,1,0.04400131051944434,1.0149465232145438e-07,0.00039414447350899495,0.0001036295688235378
1919,0.75,0.34176168895304393,0.4110720471979777,1,0.06931035824493376,1.5732215748187617e-07,0.00061943016942477,0.00016302151211100568
1919,0.9,0.34176168895304393,0.45093392975808,1,0.10917224080503607,2.476654664129718e-07,0.0009722945081360873,0.0002557502178299198
1919,1.0,0.34176168895304393,0.5246487665379528,1,0.18288707758490885,4.295886247632219e-07,0.0016183550135436126,0.0004256977705328069
2020,0.0,0.7205390807609643,0.7205390807609643,1,0.0,1.7000189438932944e-05,0.0,0.0
2020,0.15,0.7205390807609643,0.741361985005957,1,0.020822904244992668,1.6943778021291656e-05,0.00017549644313274992,4.613086902222063e-05
2020,0.3,0.7205390807609643,0.7570893958800606,1,0.036550315119096344,1.6908238170722234e-05,0.00030774211822415243,8.08404312155897e-05
2020,0.45,0.7205390807609643,0.767765263039057,1,0.04722618227809272,1.6887118556040137e-05,0.00039675367525028593,0.0001043692479463787
2020,0.6,0.7205390807609643,0.7728128618008664,1,0.0522737810399021,1.6876017408740118e-05,0.00043905205669786396,0.00011545557718106725
2020,0.75,0.7205390807609643,0.7702394457412921,1,0.049700364980327816,1.6882187880082333e-05,0.000417378166787441,0.00010982048031493719
2020,0.9,0.7205390807609643,0.7526278822758369,1,0.03208880151487259,1.6917975577880606e-05,0.00027034833656508495,7.098761983870272e-05
2020,1.0,0.7205390807609643,0.6851601456581449,1,0.03537893510281942,1.7095859183864637e-05,0.0002997343152664894,7.886748141361366e-05
2121,0.0,0.4184749050956812,0.4184749050956812,1,0.0,7.022932264171e-06,0.0,0.0
2121,0.15,0.4184749050956812,0.3883041125653946,1,0.030170792530286594,7.227539315014797e-06,0.0002700223374146049,7.065271295120246e-05
2121,0.3,0.4184749050956812,0.3607419399565597,1,0.05773296513912152,7.4186856814997815e-06,0.0005160755247960724,0.00013571330907169443
2121,0.45,0.4184749050956812,0.3359856210073768,1,0.08248928408830442,7.595136192618812e-06,0.0007395712054156511,0.00019442446817280468
2121,0.6,0.4184749050956812,0.3143721472554428,0,0.10410275784023837,7.760424530857402e-06,0.0009340846534091618,0.00024573112105052974
2121,0.75,0.4184749050956812,0.29665089401476447,0,0.12182401108091673,7.895130416220308e-06,0.0010952397565204969,0.0002880496956918499
2121,0.9,0.4184749050956812,0.28532161010641877,0,0.13315329498926243,7.993149441380687e-06,0.0011976384116902938,0.00031509151935704693
2121,1.0,0.4184749050956812,0.297155603552199,0,0.1213193015434822,7.891263286541328e-06,0.001090656508743168,0.0002868447187870382
2222,0.0,0.6691176800091903,0.6691176800091903,1,0.0,7.688277476047833e-06,0.0,0.0
2222,0.15,0.6691176800091903,0.6409750811960426,0,0.028142598813147623,7.645814194663647e-06,0.00024001725401198715,6.314947493946121e-05
2222,0.3,0.6691176800091903,0.6079013372558605,0,0.06121634275332977,7.5982918456285464e-06,0.000523451574082151,0.00013770121961048654
2222,0.45,0.6691176800091903,0.5692948886714739,0,0.09982279133771632,7.567963214424878e-06,0.0008563303847715642,0.00022528066270899316
2222,0.6,0.6691176800091903,0.5241894416328323,0,0.14492823837635793,7.532589870407058e-06,0.0012477673270564899,0.0003283080331109578
2222,0.75,0.6691176800091903,0.47069043520274756,0,0.1984272448064427,7.489389738435381e-06,0.0017168815889919281,0.0004516348776659185
2222,0.9,0.6691176800091903,0.40303522819681065,0,0.2660824518123796,7.435088869842121e-06,0.0023149219544208594,0.0006090843664659507
2222,1.0,0.6691176800091903,0.314850180644734,0,0.35426749936445623,7.4380566222678746e-06,0.0031055299222330357,0.0008171887903662411
2323,0.0,0.4346736795778719,0.4346736795778719,1,0.0,2.8033308867997375e-07,0.0,0.0
2323,0.15,0.4346736795778719,0.41922375306017545,1,0.015449926517696444,3.276816636366142e-07,0.00013696224835996196,3.598604545290707e-05
2323,0.3,0.4346736795778719,0.4054142180391155,1,0.029259461538756415,3.7110523015693175e-07,0.0002603917200936223,6.838544746889941e-05
2323,0.45,0.4346736795778719,0.3933923949746575,1,0.041281284603214397,4.108597361704436e-07,0.0003670181404119427,9.657201963109152e-05
2323,0.6,0.4346736795778719,0.3834919868622024,1,0.05118169271566947,4.4483899528519055e-07,0.0004559309602058942,0.00011988206549923275
2323,0.75,0.4346736795778719,0.37649217464986634,1,0.058181504928005556,4.7287251753874715e-07,0.000517406460308234,0.0001363377157674317
2323,0.9,0.4346736795778719,0.3748853098445402,1,0.05978836973333168,4.78108854201631e-07,0.0005321490394454426,0.00014012793344175822
2323,1.0,0.4346736795778719,0.39153981323576653,1,0.043133866342105365,4.1629048983665706e-07,0.0003838010108715706,0.00010096037885853892
2424,0.0,0.1948030638891344,0.1948030638891344,1,0.0,1.789860301969204e-05,0.0,0.0
2424,0.15,0.1948030638891344,0.19192062455640863,1,0.002882439332725778,1.7893851924209725e-05,2.7714305869744327e-05,7.1432234212687185e-06
2424,0.3,0.1948030638891344,0.19422212391611107,1,0.0005809399730233311,1.789670574266905e-05,5.853515191847625e-06,1.4653522724117352e-06
2424,0.45,0.1948030638891344,0.20247386207408508,1,0.007670798184950672,1.790925364925089e-05,7.24655673193797e-05,1.905963089426921e-05
2424,0.6,0.1948030638891344,0.2186717656186393,1,0.023868701729504893,1.7937356849004327e-05,0.0002242699340820331,5.899500918865597e-05
2424,0.75,0.1948030638891344,0.24762365693680463,1,0.05282059304767023,1.799419115810358e-05,0.0004954689970700504,0.00013029530769065323
2424,0.9,0.1948030638891344,0.3045363413609179,1,0.10973327747178349,1.8128468659568686e-05,0.0010230210403763818,0.00026927419319350276
2424,1.0,0.1948030638891344,0.4426923972607526,0,0.2478893333716182,1.8453973084232855e-05,0.002289105862106247,0.0006020661919863279
2525,0.0,0.25119931127891726,0.25119931127891726,1,0.0,2.2279802239233426e-09,0.0,0.0
2525,0.15,0.25119931127891726,0.26375421671685273,1,0.01255490543793547,1.1917192077604e-07,0.00011406203183536578,3.013996552175824e-05
2525,0.3,0.25119931127891726,0.2818562415065833,1,0.030656930227666024,2.910741595460453e-07,0.0002807487749161147,7.394641906649513e-05
2525,0.45,0.25119931127891726,0.3067362961854,1,0.055536984906482734,5.24169942929531e-07,0.0005068897462221222,0.00013344592136105282
2525,0.6,0.25119931127891726,0.3406292213074867,0,0.08942991002856943,8.408065586343327e-07,0.0008136645650295288,0.00021418112659504773
2525,0.75,0.25119931127891726,0.38797603642232453,0,0.13677672514340727,1.2796877249185434e-06,0.001239485955769351,0.0003261265584608153
2525,0.9,0.25119931127891726,0.46104010069234325,0,0.209840789413426,1.9489472147526943e-06,0.0018884808014271726,0.0004970597894011219
2525,1.0,0.25119931127891726,0.5879464224402018,0,0.33674711116128453,3.1013526901740862e-06,0.0029980433932374484,0.0007888923302479811
2626,0.0,0.8075987098321757,0.8075987098321757,1,0.0,9.510914282327698e-06,0.0,0.0
2626,0.15,0.8075987098321757,0.8200692981773825,1,0.012470588345206757,9.565068903386043e-06,0.00010375828356370964,2.725605802850195e-05
2626,0.3,0.8075987098321757,0.8271466064487224,1,0.019547896616546656,9.595919203651826e-06,0.00016324224518464436,4.2677771443844215e-05
2626,0.45,0.8075987098321757,0.8287405777218856,1,0.021141867889709842,9.602536021252606e-06,0.00017617969364112918,4.615978883537597e-05
2626,0.6,0.8075987098321757,0.8237327206689572,1,0.016134010836781454,9.580866965445967e-06,0.00013479495977446188,3.525310908353285e-05
2626,0.75,0.8075987098321757,0.8087091724134525,1,0.0011104625812767832,9.515528859721512e-06,1.0069533017798005e-05,2.439106302098981e-06
2626,0.9,0.8075987098321757,0.771476070142712,1,0.03612263968946372,9.354765102047302e-06,0.00030025358164971483,7.917737142432157e-05
2626,1.0,0.8075987098321757,0.6586082674447212,0,0.1489904423874545,8.85793433676868e-06,0.0012543181410379356,0.0003301191923834601
2727,0.0,0.5436043558971593,0.5436043558971593,1,0.0,7.959357201103856e-10,0.0,0.0
2727,0.15,0.5436043558971593,0.6005929990966332,1,0.05698864319947394,1.8184860353653853e-08,0.000493582062602485,0.0001296400328284486
2727,0.3,0.5436043558971593,0.6540555292150997,1,0.11045117331794041,6.281666781182693e-08,0.0009511587525230514,0.00024999163206584907
2727,0.45,0.5436043558971593,0.7029356064010122,0,0.15933125050385288,1.2554690699551063e-07,0.0013654441154209024,0.0003589578982026165
2727,0.6,0.5436043558971593,0.7465133894370982,0,0.20290903353993894,1.8052336563795235e-07,0.0017321772592813062,0.000455464158813923
2727,0.75,0.5436043558971593,0.7843039941593117,0,0.24069963826215246,2.47507430314875e-07,0.002047964124002044,0.0005384945336488478
2727,0.9,0.5436043558971593,0.8155584214876397,0,0.2719540655904804,3.078672417625161e-07,0.0023067838802846435,0.0006067263705725745
2727,1.0,0.5436043558971593,0.8273586688561532,0,0.2837543129589939,3.2903462898747904e-07,0.002403904476244806,0.0006323576545380072
2828,0.0,0.8138956917675354,0.8138956917675354,1,0.0,1.0504505637137784e-06,0.0,0.0
2828,0.15,0.8138956917675354,0.823059073951085,1,0.009163382183549618,1.0324286990118225e-06,7.633109980954844e-05,2.0039240984981443e-05
2828,0.3,0.8138956917675354,0.8269728766795745,1,0.01307718491203913,1.0282693503824158e-06,0.0001088370574180153,2.8586115139617174e-05
2828,0.45,0.8138956917675354,0.8253220384013215,1,0.011426346633786055,1.0299056667287254e-06,9.456785238882992e-05,2.494501880823119e-05
2828,0.6,0.8138956917675354,0.8166696414956867,1,0.0027739497281512593,1.04484195683624e-06,2.3727514971483288e-05,6.079701473815646e-06
2828,0.75,0.8138956917675354,0.7970364818213412,1,0.016859209946194165,1.0837352804604627e-06,0.00014058501806826773,3.6954976308456455e-05
2828,0.9,0.8138956917675354,0.7527724555734217,1,0.06112323619411375,1.1728047088904736e-06,0.0005108661192027991,0.00013450224328248606
2828,1.0,0.8138956917675354,0.6277418902266101,0,0.1861538015409253,1.4258360753541255e-06,0.0015743649463044185,0.0004141677836262958
2929,0.0,0.6955073048790215,0.6955073048790215,1,0.0,3.8176221905938945e-09,0.0,0.0
2929,0.15,0.6955073048790215,0.6877019955405657,1,0.0078053093384558014,-9.116039416390276e-09,6.675262208122312e-05,1.7507223064261446e-05
2929,0.3,0.6955073048790215,0.6755609462725916,1,0.019946358606429904,-2.512299582951849e-08,0.00016992494572186378,4.477433809363385e-05
2929,0.45,0.6955073048790215,0.6583348279950644,0,0.037172476883957084,-5.7421583779526664e-08,0.0003179004112097289,8.3714294320969e-05
2929,0.6,0.6955073048790215,0.6345507787872511,0,0.06095652609177038,-9.587063166949239e-08,0.0005218514563407606,0.00013733386778480572
2929,0.75,0.6955073048790215,0.6011087403360409,0,0.09439856454298057,-1.5049419958140797e-07,0.0008105182808451628,0.0002133054146062352
2929,0.9,0.6955073048790215,0.548976026625744,0,0.1465312782532775,-2.342543697977928e-07,0.0012632230345055173,0.00033255366724227464
2929,1.0,0.6955073048790215,0.45470553111535406,0,0.2408017737636674,-3.925466871834704e-07,0.0020944378755967386,0.0005511154154509423
3030,0.0,0.8690873091279493,0.8690873091279493,1,0.0,1.533547027095239e-06,0.0,0.0
3030,0.15,0.8690873091279493,0.8873048709083611,1,0.018217561780411784,1.550056701875302e-06,0.0001492050466496142,3.9284006701945096e-05
3030,0.3,0.8690873091279493,0.8993239754470133,1,0.030236666319063965,1.5600115954930716e-06,0.00024783344586094824,6.511929830421703e-05
3030,0.45,0.8690873091279493,0.9060594674462439,1,0.03697215831829459,1.565355562706261e-06,0.0003024150311804197,7.958246463041219e-05
3030,0.6,0.8690873091279493,0.907405015573703,1,0.03831770644575372,1.5666160547295194e-06,0.0003137892650066504,8.247463154409385e-05
3030,0.75,0.8690873091279493,0.9013285031259777,1,0.032241193998028383,1.5615342150165912e-06,0.0002640222884674054,6.942628868344958e-05
3030,0.9,0.8690873091279493,0.8783756279063024,1,0.009288318778353122,1.5418528526711661e-06,7.683306244993249e-05,2.016622036782323e-05
3030,1.0,0.8690873091279493,0.7824564549504218,1,0.08663085417752747,1.5255958617302334e-06,0.0007148728851447544,0.00018822302844528904
