seed,kernel,nu,decision_regret,delta_x_l1,delta_c,true_cvar_model,true_cvar_oracle
101,Gaussian,,9.169095947517136e-06,0.013343204798917749,0.0012546282821380705,0.054499370571065124,0.05449020147511761
101,t15,15.0,1.945301163208679e-09,7.360120373063606e-07,7.504712518091594e-08,0.055886082996969885,0.05588608105166872
101,t8,8.0,1.1171493888302575e-05,0.00806472449815332,-0.0008395781395399426,0.0590128802664119,0.0590017087725236
101,t5,5.0,3.710837163185127e-05,0.012694478886382882,0.0008146213361779897,0.059167903700771615,0.059130795329139764
202,Gaussian,,1.316664180461835e-09,6.915381229599671e-07,-7.480643549051536e-08,0.05446016302201713,0.05446016170535295
202,t15,15.0,7.697187748290091e-10,3.649638537217559e-07,1.9121706329450205e-08,0.05595540324987606,0.05595540248015728
202,t8,8.0,1.5129994201945607e-09,7.794564639666823e-07,-9.821212587635131e-08,0.05675369097658628,0.05675368946358686
202,t5,5.0,3.711097772383931e-05,0.021209928021140804,-0.0004999861144834306,0.05862531095148989,0.05858819997376605
303,Gaussian,,3.4619999297880177e-09,1.0881856331683426e-06,1.7329587387315826e-07,0.05510602476072119,0.05510602129872126
303,t15,15.0,2.4946173532415516e-05,0.014879941784975672,0.0004107600346641149,0.056518073827540746,0.05649312765400833
303,t8,8.0,8.251277316823069e-07,0.0005587277387710012,3.883531951498487e-05,0.0574027414651124,0.05740191633738072
303,t5,5.0,3.0265825262665302e-09,9.97336786566494e-07,4.757654442633097e-08,0.058531108582123965,0.05853110555554144
404,Gaussian,,2.075607415543551e-05,0.01603102615583673,-0.0023828150916451185,0.053547348665403456,0.05352659259124802
404,t15,15.0,2.0836897554610267e-09,8.903302408103109e-07,-1.0596412886032525e-07,0.05430390904517206,0.0543039069614823
404,t8,8.0,2.2086907292905023e-05,0.015756631152437597,-0.000747737636390633,0.056491250261185406,0.0564691633538925
404,t5,5.0,9.048135009182001e-06,0.025417526477018716,0.001053502941029627,0.05834656139305368,0.058337513258044496
505,Gaussian,,2.4263796388757086e-09,7.896117194157448e-07,-6.863464130368868e-09,0.05509663428941091,0.05509663186303127
505,t15,15.0,2.927488156787006e-05,0.015771815715182904,-0.0005743383027662086,0.05626305274849703,0.05623377786692916
505,t8,8.0,2.9178494736596672e-05,0.022090159127183706,-0.0047513553778568696,0.05665090064822958,0.05662172215349298
505,t5,5.0,2.2343059208340676e-09,7.709916610768031e-07,5.134436464881986e-08,0.059342131670617186,0.059342129436311265
606,Gaussian,,1.3404019860357996e-05,0.010572085276229461,0.0005161032593615777,0.055866452920414277,0.05585304890055392
606,t15,15.0,7.2720189289790516e-06,0.010862634484194198,-8.113277803584173e-05,0.05761807573243964,0.05761080371351066
606,t8,8.0,1.3755128801071215e-05,0.006958114466497762,0.000753591770439932,0.058133529901302106,0.058119774772501034
606,t5,5.0,1.3111262263457157e-06,0.0007362692650331459,4.2689000690987466e-05,0.0609526886991637,0.06095137757293735
707,Gaussian,,1.5583566659316261e-09,5.538417945163965e-07,7.467998941468323e-09,0.05529164216557673,0.05529164060722006
707,t15,15.0,2.288184648702174e-09,8.158375569937426e-07,4.6863661673501866e-08,0.05652237680959531,0.05652237452141066
707,t8,8.0,2.0401239730225007e-05,0.008245699365089537,-0.0002721708032463743,0.05689537502881412,0.0568749737890839
707,t5,5.0,6.319983494873505e-10,1.8864199560417183e-07,-2.2040779368293073e-08,0.06082881300521427,0.06082881237321592
808,Gaussian,,1.2412135039455152e-05,0.011526414364052776,-0.0007176165737117768,0.055378055474879874,0.05536564333984042
808,t15,15.0,1.7736280786620484e-05,0.013108109121807033,0.00014814385614309034,0.05704305311885809,0.05702531683807147
808,t8,8.0,4.441800177668043e-09,1.1140190412442519e-06,-1.9707161286186547e-07,0.05729460693946557,0.057294602497665395
808,t5,5.0,9.609316994896311e-09,1.555189405397922e-06,-1.5751615051184942e-07,0.058346770463631736,0.05834676085431474
909,Gaussian,,3.2828664717210465e-09,1.0439177762604224e-06,-6.434982274816647e-08,0.05578274240413517,0.0557827391212687
909,t15,15.0,2.5897418723386245e-09,9.707147189917664e-07,-1.59692175261128e-07,0.05749639692441633,0.05749639433467446
909,t8,8.0,5.831744312984055e-06,0.01828941720810245,-0.00016852370256725813,0.05760758591690869,0.05760175417259571
909,t5,5.0,2.9969406780544494e-07,0.0008024830551266598,-5.0351415345040174e-05,0.06234168536532995,0.06234138567126214
1010,Gaussian,,2.307288901604032e-09,5.155093483789897e-07,1.0418561202651944e-07,0.054644136893928566,0.054644134586639664
1010,t15,15.0,2.968433554517702e-09,1.1437758880954163e-06,1.3036780416308957e-07,0.055675560294354026,0.05567555732592047
1010,t8,8.0,1.0264120796570075e-05,0.008353824549149423,0.0009096761231481842,0.057738944551829444,0.057728680431032874
1010,t5,5.0,4.2640148995437555e-06,0.00572774180034432,-0.00022928146476502986,0.058356048398283566,0.05835178438338402
1111,Gaussian,,8.315873464802281e-06,0.015262814102635509,0.0005454182675103669,0.05687636832400186,0.056868052450537054
1111,t15,15.0,1.3422707181853788e-09,6.437575063959755e-07,-8.772332971140884e-09,0.05860911238903846,0.05860911104676774
1111,t8,8.0,1.2790447272995054e-05,0.008130567261008,-0.00034698576205749454,0.059313492603124754,0.05930070215585176
1111,t5,5.0,4.06275746378526e-09,1.0332172060562028e-06,-1.7082392678169356e-07,0.0627952446829428,0.06279524062018534
1212,Gaussian,,1.7190339360317886e-09,7.26686485690714e-07,-3.500730594296897e-09,0.05376129724719517,0.05376129552816123
1212,t15,15.0,2.194144720080171e-09,8.666925982343809e-07,-6.74391391619622e-08,0.055521388464866234,0.055521386270721514
1212,t8,8.0,2.730777419283209e-05,0.00858964941843588,0.00025311810340528096,0.05701010973263889,0.05698280195844606
1212,t5,5.0,3.6123071200933055e-09,1.062166430695205e-06,-1.9164636544388713e-09,0.05699860251671015,0.05699859890440303
1313,Gaussian,,2.114345191983613e-09,8.780082500804698e-07,1.3795636411018108e-07,0.05527376070433017,0.05527375858998498
1313,t15,15.0,2.3044940261618407e-10,8.183703291420041e-08,6.609679137348223e-09,0.057100412887551834,0.05710041265710243
1313,t8,8.0,1.1670092108673202e-05,0.030305007098028754,0.0006578406757922761,0.05748027550078052,0.057468605408671845
1313,t5,5.0,4.8044470913818915e-05,0.01855399380919744,0.00021129110483186775,0.05843100562347764,0.05838296115256382
1414,Gaussian,,6.654905395225841e-07,0.0046198725679937845,-0.00034283389896183625,0.054748941338823326,0.0547482758482838
1414,t15,15.0,1.7225669987630532e-09,7.848345880898111e-07,-9.383008497954037e-08,0.05548133671597396,0.05548133499340696
1414,t8,8.0,3.159050861178958e-09,6.90391967792664e-07,1.319572938696112e-07,0.058075668840653454,0.05807566568160259
1414,t5,5.0,4.115075037669502e-07,0.0007087770490136029,-9.958924616459974e-05,0.05690834946749398,0.05690793795999021
1515,Gaussian,,2.9549569874331993e-09,1.0857726795952816e-06,2.554775038743351e-07,0.05286899205975394,0.052868989104796954
1515,t15,15.0,3.7052648796387366e-09,1.0768901665125785e-06,2.8296244608538856e-07,0.05475822169841656,0.054758217993151684
1515,t8,8.0,5.9805083593711394e-09,1.3853139155632632e-06,2.6730996854906763e-07,0.055072941537743204,0.055072935557234845
1515,t5,5.0,3.6736871669718063e-09,1.0024304819868102e-06,4.5287087357959166e-08,0.0570597171581008,0.05705971348441363
1616,Gaussian,,1.5271483796028273e-05,0.008534510727838814,-0.0005702108737283273,0.05492155232125161,0.05490628083745558
1616,t15,15.0,7.0230813595251185e-09,1.605781301268483e-06,-5.907508210389878e-08,0.05662828714320799,0.056628280120126634
1616,t8,8.0,1.4907950430437245e-05,0.00873250169125193,-0.000995707810508173,0.057248221376004035,0.0572333134255736
1616,t5,5.0,5.831353526108973e-06,0.011885962361282656,0.00018824500533354271,0.05818807670735022,0.05818224535382411
1717,Gaussian,,1.5537892161805733e-05,0.016624195336925236,0.0005075209183345031,0.05567870196650873,0.055663164074346926
1717,t15,15.0,7.814876268108506e-06,0.007337402392615839,-6.922602185954752e-05,0.05676156216392531,0.056753747287657204
1717,t8,8.0,4.1010844026301285e-09,1.1477645124532976e-06,9.693379332542662e-08,0.05884087907459034,0.05884087497350594
1717,t5,5.0,1.3633009002526897e-05,0.00937296493912394,-0.00036655040232352887,0.06083750932476138,0.060823876315758856
1818,Gaussian,,5.049253293254452e-09,1.2489228695747312e-06,1.3711820556761012e-07,0.05573185514549112,0.05573185009623783
1818,t15,15.0,3.318592380063823e-09,7.764880771872484e-07,9.81496243168678e-08,0.05679383421154915,0.05679383089295677
1818,t8,8.0,2.005094749957248e-09,6.770619793740329e-07,1.3875913085215075e-08,0.0576984081280709,0.05769840612297615
1818,t5,5.0,8.76155412110613e-09,1.757216615726892e-06,3.5063141612390325e-07,0.060591820601410655,0.060591811839856534
1919,Gaussian,,2.812217610719675e-05,0.010993251432031694,-0.0003634039387352961,0.055626197929110575,0.05559807575300338
1919,t15,15.0,1.3867641479592407e-09,6.739896811595869e-07,-8.119519390170638e-09,0.05783285159779169,0.05783285021102754
1919,t8,8.0,5.749275113681174e-06,0.011947113841762683,0.0002580919797684489,0.05917242334390154,0.05916667406878786
1919,t5,5.0,2.4258037926848386e-05,0.005713039349944028,0.0006556053706328058,0.06118623180651895,0.0611619737685921
2020,Gaussian,,3.832983590246197e-09,1.164905176889719e-06,-6.976893063281864e-09,0.0543995114724279,0.05439950763944431
2020,t15,15.0,3.5758266625496304e-09,9.59522045190092e-07,5.4226314494254524e-08,0.05610763158089834,0.05610762800507168
2020,t8,8.0,8.950643278306247e-06,0.007090448606925957,-0.00019690657945370393,0.057128219858865355,0.05711926921558705
2020,t5,5.0,2.7108152597654644e-09,8.929179174284319e-07,-1.5168721989589073e-07,0.05911805953459139,0.05911805682377613
2121,Gaussian,,1.2254121536936502e-09,6.291597569457741e-07,-1.3990243608041908e-07,0.055064018212346105,0.05506401698693395
2121,t15,15.0,1.494260451484486e-09,6.40641376628559e-07,-1.523419572158069e-07,0.05671300038823889,0.05671299889397844
2121,t8,8.0,1.1505364785890926e-09,6.968289960364304e-07,-3.209189719521888e-08,0.05749793207823578,0.0574979309276993
2121,t5,5.0,4.496689652577768e-09,1.1035266651165943e-06,9.076256357598567e-09,0.06013746769790932,0.06013746320121967
2222,Gaussian,,2.025876350494893e-07,0.000530591397141577,0.00012682360924154423,0.05370394919441753,0.05370374660678248
2222,t15,15.0,2.0168484105020923e-09,7.529412039443406e-07,-1.2140044380881676e-07,0.05511794464250772,0.05511794262565931
2222,t8,8.0,2.3930097560978525e-05,0.013039309386367515,-0.0009321560774204207,0.05873294479758509,0.05870901470002411
2222,t5,5.0,4.910207816732903e-09,1.351943135663447e-06,1.953860606085378e-07,0.05715911947216822,0.057159114561960406
2323,Gaussian,,7.314677083695986e-06,0.010436938549414966,-0.00045671463978297355,0.05615423218719535,0.05614691751011165
2323,t15,15.0,1.0326466418075775e-09,5.18345493642075e-07,-4.1933265748639315e-09,0.05802241832438962,0.05802241729174298
2323,t8,8.0,1.8855948122342703e-09,6.650798340841757e-07,7.349630903874527e-09,0.05986183801660615,0.059861836131011335
2323,t5,5.0,3.93991683722561e-09,9.066459598638943e-07,-1.772398571797673e-07,0.06070799575789797,0.06070799181798113
2424,Gaussian,,3.778622720274072e-09,1.0200320369191385e-06,1.032178625903768e-07,0.05587580129688451,0.05587579751826179
2424,t15,15.0,0.0,0.0,0.0,0.057075037491141685,0.057075037491141685
2424,t8,8.0,0.0,0.0,0.0,0.05824338111666876,0.05824338111666876
2424,t5,5.0,1.2023456902078566e-05,0.012591076541923912,-3.198890437078328e-05,0.06145848884005456,0.06144646538315248
2525,Gaussian,,2.659111000835601e-09,1.0063105350954782e-06,1.9992312561001313e-07,0.0555501272396748,0.0555501245805638
2525,t15,15.0,2.962766074143808e-10,1.5256764217957963e-07,1.1974477631682134e-08,0.056885330584768704,0.056885330288492096
2525,t8,8.0,2.6008856457426788e-09,8.55066391924203e-07,2.158112466510431e-09,0.058609069865963294,0.05860906726507765
2525,t5,5.0,3.284069453879379e-09,9.990145571452114e-07,7.596912854346272e-08,0.060516793745976405,0.06051679046190695
2626,Gaussian,,8.483938130972313e-06,0.005798854609075723,5.929542125993059e-05,0.054829025655122696,0.05482054171699172
2626,t15,15.0,1.1621750783952223e-10,4.9740254106506177e-08,-1.0131802619106622e-09,0.05596593434393537,0.05596593422771786
2626,t8,8.0,4.3560765966565995e-09,1.2564384860788702e-06,2.2778942121437495e-07,0.05592549071555804,0.05592548635948144
2626,t5,5.0,7.267084399520396e-09,1.2996496536986368e-06,9.754542895645812e-08,0.06056028322318658,0.06056027595610218
2727,Gaussian,,1.071762671667198e-09,5.024688211133221e-07,2.996353282158637e-08,0.05525260564122443,0.05525260456946176
2727,t15,15.0,1.8278795091822286e-05,0.010484182741772465,-7.173648546610067e-05,0.05670204695730501,0.05668376816221319
2727,t8,8.0,3.7847250333733484e-09,1.165809560221831e-06,5.277672110448606e-08,0.05828420033609973,0.0582841965513747
2727,t5,5.0,5.125601075517405e-09,1.3198561748320459e-06,1.4089629962743544e-07,0.0600918411838408,0.06009183605823972
2828,Gaussian,,3.787445639044651e-06,0.015722068220162564,-0.0004000273758233974,0.055401502569654364,0.05539771512401532
2828,t15,15.0,2.414860249266848e-09,9.459099947969896e-07,-4.8353992976313265e-08,0.0567897020208652,0.056789699606004954
2828,t8,8.0,4.850377592624522e-09,1.2160261879771983e-06,-2.5373656764582364e-07,0.05824640206046657,0.05824639721008898
2828,t5,5.0,1.664179560653678e-05,0.010198568963134681,-0.00036676354552700463,0.05979636846776804,0.059779726672161505
2929,Gaussian,,4.036522949224519e-09,1.3350001784109833e-06,8.215746116757572e-08,0.0542158057493079,0.05421580171278495
2929,t15,15.0,5.122179042027497e-09,1.3793108452272995e-06,4.5427507866513395e-08,0.05526583610924931,0.05526583098707027
2929,t8,8.0,6.160872902116754e-09,1.4025253464548804e-06,1.2393291404233509e-07,0.0568686223564905,0.056868616195617595
2929,t5,5.0,3.7578952696445955e-05,0.014972167220024396,0.0011328638168252025,0.056657182990615076,0.05661960403791863
3030,Gaussian,,1.2698648035880389e-09,7.234159524818762e-07,1.733048837770923e-08,0.05477691463030477,0.054776913360439966
3030,t15,15.0,5.103273457499058e-07,0.0005475740792094154,1.0006694685205098e-05,0.05665592294002304,0.05665541261267729
3030,t8,8.0,1.3842675179134845e-05,0.008311843978040669,-0.0008554376590999002,0.05722150023071235,0.05720765755553321
3030,t5,5.0,3.370662027268878e-09,1.0797017635059969e-06,5.848008083342293e-08,0.05878756782871793,0.058787564458055906
