seed,portfolio,state,c_ref,risk_ref_low,risk_opt,delta_risk_old_low_state_benchmark,c_opt,delta_c,delta_x_l1,turnover,risk_ref_state,alpha_ref_state,rho_ref_state,ref_inner_converged,ref_inner_iterations,delta_risk,optimality_check
101,Green,0.1,0.38,0.0480813038019416,0.0473425291755236,-0.000738774626418,0.3233398586579642,-0.0566601413420357,0.21724380943519,0.21724380943519,0.04808130380194167,0.03676102627410444,0.0017563631586464627,0,180,-0.0007387746264180747,PASS
101,Green,0.5,0.38,0.0480813038019416,0.0523758821301709,0.0042945783282292,0.322389684409854,-0.0576103155901459,0.2208380574853887,0.2208380574853887,0.05321429800164158,0.04052078981282855,0.001711698662247974,0,180,-0.0008384158714706824,PASS
101,Green,0.9,0.38,0.0480813038019416,0.0580324296573786,0.0099511258554369,0.3215053197086286,-0.0584946802913713,0.2241829679155931,0.2241829679155931,0.058983306259828144,0.044674091545973314,0.001819630863287555,0,180,-0.0009508766024495449,PASS
101,Neutral,0.1,0.5,0.0541791316811245,0.0473425291755581,-0.0068366025055664,0.3233398445651878,-0.1766601554348122,0.6505773177765846,0.6505773177765846,0.05417913168112459,0.0414177793085128,0.0019799497975204984,0,180,-0.006836602505566496,PASS
101,Neutral,0.5,0.5,0.0541791316811245,0.0523758821301705,-0.001803249550954,0.3223897428406979,-0.1776102571593021,0.6541710198617903,0.6541710198617903,0.05996555931699756,0.04565615958081418,0.0019295989936657161,0,180,-0.007589677186827064,PASS
101,Neutral,0.9,0.5,0.0541791316811245,0.0580324296573523,0.0038532979762277,0.3215051995915199,-0.17849480040848,0.6575170112896731,0.6575170112896731,0.06646896600674727,0.05033818027200419,0.002051273521394205,0,180,-0.008436536349394973,PASS
101,Brown,0.1,0.6200000000000001,0.0656363970298226,0.0473425291755189,-0.0182938678543037,0.3233398628192429,-0.2966601371807572,1.017243887790237,1.017243887790237,0.06563639702982266,0.050277862083379574,0.002382907569820282,0,180,-0.018293867854303758,PASS
101,Brown,0.5,0.6200000000000001,0.0656363970298226,0.0523758821302096,-0.013260514899613,0.3223897599264551,-0.297610240073545,1.0208374507066995,1.0208374507066995,0.07260047296289031,0.05537883972769857,0.0023223077819580448,0,180,-0.02022459083268071,PASS
101,Brown,0.9,0.6200000000000001,0.0656363970298226,0.058032429657365,-0.0076039673724576,0.3215052244011758,-0.2984947755988243,1.024183630816815,1.024183630816815,0.08042744685093245,0.06101374297373876,0.002468744360150643,0,180,-0.02239501719356745,PASS
202,Green,0.1,0.38,0.0481576949543131,0.0474174409330265,-0.0007402540212866,0.3233242297938301,-0.0566757702061699,0.2173026557488886,0.2173026557488886,0.04815769495431313,0.03678466759333015,0.001827435547116657,0,180,-0.0007402540212866279,PASS
202,Green,0.5,0.38,0.0481576949543131,0.0525149541961977,0.0043572592418846,0.3223659614328071,-0.0576340385671929,0.2209275418594334,0.2209275418594334,0.05335612946430471,0.04055207320547579,0.0018140608915471002,0,180,-0.0008411752681070084,PASS
202,Green,0.9,0.38,0.0481576949543131,0.0582758942973085,0.0101181993429954,0.3214708876307586,-0.0585291123692414,0.224313143751577,0.224313143751577,0.05923162080690187,0.04470702655995926,0.001973418376341488,0,180,-0.0009557265095933715,PASS
202,Neutral,0.1,0.5,0.0542652474759246,0.0474174409330157,-0.0068478065429088,0.3233243791247386,-0.1766756208752614,0.6506356652927374,0.6506356652927374,0.05426524747592462,0.041444431550595545,0.0020600679153092035,0,180,-0.006847806542908924,PASS
202,Neutral,0.5,0.5,0.0542652474759246,0.0525149541961806,-0.0017502932797439,0.3223658984265188,-0.1776341015734811,0.6542611838038852,0.6542611838038852,0.06012544601533784,0.04569142553048954,0.0020449918421948142,0,180,-0.007610491819157239,PASS
202,Neutral,0.9,0.5,0.0542652474759246,0.0582758942972905,0.0040106468213659,0.3214707392434508,-0.1785292607565491,0.6576472983190829,0.6576472983190829,0.06674889115407158,0.05037530431757172,0.0022246369264075695,0,180,-0.00847299685678108,PASS
202,Brown,0.1,0.6200000000000001,0.0657400390299946,0.0474174409330442,-0.0183225980969504,0.3233243813689833,-0.2966756186310167,1.0173023725749246,1.0173023725749246,0.06574003902999467,0.050309936655998776,0.0024793334647913658,0,180,-0.01832259809695047,PASS
202,Brown,0.5,0.6200000000000001,0.0657400390299946,0.0525149541961946,-0.0132250848338,0.3223657909182682,-0.2976342090817319,1.020928303725123,1.020928303725123,0.07279289965134261,0.055421280562197854,0.0024611872436473008,0,180,-0.020277945455148015,PASS
202,Brown,0.9,0.6200000000000001,0.0657400390299946,0.0582758942973038,-0.0074641447326908,0.3214707589619996,-0.2985292410380004,1.0243138463346018,1.0243138463346018,0.08076434210033913,0.0610584205992807,0.0026773915927037566,0,180,-0.022488447803035327,PASS
303,Green,0.1,0.38,0.0481093457741174,0.0473700280989508,-0.0007393176751665,0.3233340516746235,-0.0566659483253765,0.2172659398031587,0.2172659398031587,0.04810934577411746,0.03677487392381654,0.0017687442031715155,0,180,-0.0007393176751666619,PASS
303,Green,0.5,0.38,0.0481093457741174,0.0524181751641651,0.0043088293900477,0.3223824516619949,-0.057617548338005,0.2208653309935135,0.2208653309935135,0.053257430159711,0.04054199874003495,0.0017246463988903596,0,180,-0.0008392549955459003,PASS
303,Green,0.9,0.38,0.0481093457741174,0.0580939849520436,0.0099846391779262,0.3214965934984909,-0.058503406501509,0.2242159482448978,0.2242159482448978,0.05904608769209652,0.04470412639411696,0.0018347575518730974,0,180,-0.000952102740052925,PASS
303,Neutral,0.1,0.5,0.0542107434142457,0.0473700280989571,-0.0068407153152885,0.3233342006582046,-0.1766657993417953,0.6505984147465861,0.6505984147465861,0.05421074341424573,0.04143338750485355,0.00199390523855003,0,180,-0.006840715315288626,PASS
303,Neutral,0.5,0.5,0.0542107434142457,0.0524181751641678,-0.0017925682500778,0.3223824951161218,-0.1776175048838781,0.6541982725251283,0.6541982725251283,0.06001418222630583,0.0456800681728067,0.0019441957574086713,0,180,-0.007596007062138026,PASS
303,Neutral,0.9,0.5,0.0542107434142457,0.0580939849520388,0.003883241537793,0.3214963891768042,-0.1785036108231957,0.6575507220467177,0.6575507220467177,0.06653973955539466,0.050372031213982635,0.0020683254185346637,0,180,-0.008445754603355858,PASS
303,Brown,0.1,0.6200000000000001,0.0656744423530695,0.0473700280989513,-0.0183044142541181,0.3233341774874134,-0.2966658225125866,1.0172651284623213,1.0172651284623213,0.0656744423530695,0.05029664867737209,0.002399706502099749,0,180,-0.018304414254118204,PASS
303,Brown,0.5,0.6200000000000001,0.0656744423530695,0.0524181751641742,-0.0132562671888952,0.32238245828184,-0.2976175417181601,1.0208653738796414,1.0208653738796414,0.0726589915608609,0.05540761412498065,0.0023398752865237044,0,180,-0.020240816396686706,PASS
303,Brown,0.9,0.6200000000000001,0.0656744423530695,0.058093984952014,-0.0075804574010554,0.3214964866808346,-0.2985035133191655,1.0242165883137295,1.0242165883137295,0.08051262416547741,0.0610544835031298,0.0024892664354120866,0,180,-0.022418639213463418,PASS
404,Green,0.1,0.38,0.0482380663091079,0.0474962556871115,-0.0007418106219964,0.3233081492129259,-0.056691850787074,0.2173637538070611,0.2173637538070611,0.04823806630910797,0.03682682459188446,0.0018562209506702446,0,180,-0.0007418106219964707,PASS
404,Green,0.5,0.38,0.0482380663091079,0.052630620249906,0.0043925539407981,0.3223461710275653,-0.0576538289724347,0.2210024565240769,0.2210024565240769,0.053474090738627585,0.04062086524013616,0.0018330059598414116,0,180,-0.000843470488721583,PASS
404,Green,0.9,0.38,0.0482380663091079,0.0584312484893704,0.0101931821802624,0.3214486329831503,-0.0585513670168497,0.2243978429455129,0.2243978429455129,0.059390070081551026,0.04481311301480101,0.0019791156471035995,0,180,-0.0009588215921806226,PASS
404,Neutral,0.1,0.5,0.054355850155457,0.047496255687077,-0.00685959446838,0.323308119681906,-0.176691880318094,0.6506971655381335,0.6506971655381335,0.05435585015545709,0.04149195082828522,0.0020925183450999185,0,180,-0.006859594468380088,PASS
404,Neutral,0.5,0.5,0.054355850155457,0.0526306202499076,-0.0017252299055494,0.3223461498139623,-0.1776538501860376,0.6543358620599689,0.6543358620599689,0.06025842383513448,0.045768975124622024,0.002066348763928417,0,180,-0.007627803585226883,PASS
404,Neutral,0.9,0.5,0.054355850155457,0.0584312484893407,0.0040753983338836,0.3214489098768091,-0.1785510901231908,0.6577297836494906,0.6577297836494906,0.06692751112246288,0.050494901913220716,0.0022310579449648983,0,180,-0.008496262633122184,PASS
404,Brown,0.1,0.6200000000000001,0.0658490810814471,0.047496255687073,-0.018352825394374,0.3233081225885278,-0.2966918774114722,1.01736382829532,1.01736382829532,0.06584908108144714,0.05036713287920515,0.002518386277957061,0,180,-0.018352825394374148,PASS
404,Brown,0.5,0.6200000000000001,0.0658490810814471,0.0526306202499159,-0.0132184608315312,0.3223461578591137,-0.2976538421408864,1.0210024319411457,1.0210024319411457,0.07295294099165807,0.055514612387186225,0.002486891302384921,0,180,-0.020322320741742166,PASS
404,Brown,0.9,0.6200000000000001,0.0658490810814471,0.0584312484893455,-0.0074178325921016,0.3214488920104034,-0.2985511079895967,1.024396722010848,1.024396722010848,0.08097931463630213,0.06120235623545743,0.0026851209046269676,0,180,-0.022548066146956633,PASS
505,Green,0.1,0.38,0.0481927754474677,0.0474518420167417,-0.0007409334307259,0.3233172804731616,-0.0566827195268383,0.2173292861636445,0.2173292861636445,0.048192775447467744,0.036818878634667596,0.0017978862801616845,0,180,-0.0007409334307260443,PASS
505,Green,0.5,0.38,0.0481927754474677,0.0525390802079416,0.0043463047604738,0.3223615169513918,-0.0576384830486081,0.2209447704930082,0.2209447704930082,0.05338073420332932,0.040610531175799415,0.0017492033696567464,0,180,-0.0008416539953877145,PASS
505,Green,0.9,0.38,0.0481927754474677,0.0582615361425222,0.0100687606950545,0.3214729194376557,-0.0585270805623442,0.2243054441765506,0.2243054441765506,0.05921697661263065,0.04480304210061978,0.0018568821670017887,0,180,-0.000955440470108454,PASS
505,Neutral,0.1,0.5,0.0543047937382415,0.0474518420167599,-0.0068529517214816,0.3233172521278357,-0.1766827478721643,0.6506627655491841,0.6506627655491841,0.05430479373824159,0.04148299104850278,0.0020267614586379503,0,180,-0.00685295172148169,PASS
505,Neutral,0.5,0.5,0.0543047937382415,0.0525390802079107,-0.0017657135303308,0.3223617359064489,-0.177638264093551,0.6542770057590227,0.6542770057590227,0.06015318295333468,0.04575732714203516,0.0019718766477918306,0,180,-0.007614102745423984,PASS
505,Neutral,0.9,0.5,0.0543047937382415,0.0582615361425553,0.0039567424043137,0.3214727606636422,-0.1785272393363577,0.6576396700977449,0.6576396700977449,0.06673238274452087,0.050483551040451866,0.002093267705228701,0,180,-0.008470846601965572,PASS
505,Brown,0.1,0.6200000000000001,0.0657876337103314,0.0474518420167622,-0.0183357916935691,0.3233171904949086,-0.2966828095050915,1.0173295243759162,1.0173295243759162,0.06578763371033144,0.05035635066037329,0.002439244490915385,0,180,-0.018335791693569248,PASS
505,Brown,0.5,0.6200000000000001,0.0657876337103314,0.052539080207925,-0.0132485535024064,0.3223617698051563,-0.2976382301948438,1.0209434154910395,1.0209434154910395,0.07282628158481172,0.05550059406870088,0.002373192073019435,0,180,-0.02028720137688672,PASS
505,Brown,0.9,0.6200000000000001,0.0657876337103314,0.0582615361424878,-0.0075260975678435,0.3214727904676223,-0.2985272095323778,1.0243061104735842,1.0243061104735842,0.0807444739148414,0.06118869654315697,0.0025192869346724284,0,180,-0.022482937772353592,PASS
606,Green,0.1,0.38,0.0481878798156176,0.0474470412008266,-0.000740838614791,0.3233182765782119,-0.0566817234217881,0.2173255831714552,0.2173255831714552,0.048187879815617694,0.03679969301602448,0.0018402201451540063,0,180,-0.0007408386147910936,PASS
606,Green,0.5,0.38,0.0481878798156176,0.0525604096080012,0.0043725297923835,0.32235812764678,-0.0576418723532199,0.2209572460955631,0.2209572460955631,0.05340248684582053,0.04057430193487932,0.0018283824934681532,0,180,-0.0008420772378193303,PASS
606,Green,0.9,0.38,0.0481878798156176,0.0583431819657396,0.0101553021501219,0.3214610498631572,-0.0585389501368427,0.2243508441872183,0.2243508441872183,0.05930024899557212,0.04473537650619231,0.001993850736661172,0,180,-0.0009570670298325173,PASS
606,Neutral,0.1,0.5,0.0542992748893298,0.0474470412008319,-0.0068522336884978,0.3233182946009,-0.1766817053990999,0.6506585295324832,0.6506585295324832,0.054299274889329806,0.041461369517976826,0.0020744802369487268,0,180,-0.006852233688497904,PASS
606,Neutral,0.5,0.5,0.0542992748893298,0.0525604096080015,-0.0017388652813282,0.3223581265513385,-0.1776418734486614,0.6542908003933781,0.6542908003933781,0.060177704721094155,0.045716483675814365,0.002061136819986218,0,180,-0.007617295113092656,PASS
606,Neutral,0.9,0.5,0.0542992748893298,0.058343181965711,0.0040439070763812,0.3214612972006108,-0.1785387027993891,0.6576829238640923,0.6576829238640923,0.06682625575493895,0.05040726748154497,0.002247669664918341,0,180,-0.008483073789227948,PASS
606,Brown,0.1,0.6200000000000001,0.065780991670496,0.0474470412008831,-0.0183339504696129,0.3233182980578496,-0.2966817019421505,1.0173250753001777,1.0173250753001777,0.06578099167049602,0.05033032158556302,0.0024966791827964927,0,180,-0.01833395046961292,PASS
606,Brown,0.5,0.6200000000000001,0.065780991670496,0.0525604096080051,-0.0132205820624908,0.3223581058227466,-0.2976418941772534,1.0209573689928475,1.0209573689928475,0.0728557939996277,0.05545143758834684,0.002480618878560335,0,180,-0.020295384391622602,PASS
606,Brown,0.9,0.6200000000000001,0.065780991670496,0.0583431819657198,-0.0074378097047761,0.3214612578501504,-0.2985387421498496,1.0243497102624688,1.0243497102624688,0.0808574518718399,0.061096886663929206,0.002705113321001479,0,180,-0.022514269906120106,PASS
707,Green,0.1,0.38,0.0481808517245831,0.0474401492252115,-0.0007407024993716,0.3233196904683716,-0.0566803095316283,0.2173201596814895,0.2173201596814895,0.04818085172458316,0.0368093054916634,0.0018019939987560926,0,180,-0.0007407024993716579,PASS
707,Green,0.5,0.38,0.0481808517245831,0.0525280846380088,0.0043472329134257,0.3223637336187429,-0.057636266381257,0.2209359475358357,0.2209359475358357,0.053369520449532075,0.04059218409575687,0.0017649394831283321,0,180,-0.0008414358115232737,PASS
707,Green,0.9,0.38,0.0481808517245831,0.0582602138414645,0.0100793621168814,0.3214727664391309,-0.058527233560869,0.2243064941335586,0.2243064941335586,0.059215627969174865,0.044768708603498485,0.0018920162778188578,0,180,-0.0009554141277103648,PASS
707,Neutral,0.1,0.5,0.0542913521178224,0.0474401492252231,-0.0068512028925992,0.323319733836697,-0.1766802661633029,0.6506528754141185,0.6506528754141185,0.05429135211782242,0.041472201680457274,0.002031388136786722,0,180,-0.0068512028925993215,PASS
707,Neutral,0.5,0.5,0.0542913521178224,0.052528084638033,-0.0017632674797893,0.3223636470532026,-0.1776363529467973,0.6542696773961323,0.6542696773961323,0.06014054168152581,0.04573664401473725,0.001989616337169161,0,180,-0.00761245704349281,PASS
707,Neutral,0.9,0.5,0.0542913521178224,0.0582602138414555,0.003968861723633,0.3214730358371324,-0.1785269641628675,0.6576383550454952,0.6576383550454952,0.06673086241789454,0.05044484985821181,0.0021328724325546202,0,180,-0.00847064857643904,PASS
707,Brown,0.1,0.6200000000000001,0.0657714564640017,0.0474401492252416,-0.0183313072387601,0.3233197309772096,-0.2966802690227905,1.0173200130593525,1.0173200130593525,0.06577145646400175,0.05034336327788566,0.0024448166505252242,0,180,-0.01833130723876015,PASS
707,Brown,0.5,0.6200000000000001,0.0657714564640017,0.0525280846380102,-0.0132433718259914,0.3223636803866369,-0.2976363196133632,1.020936327106348,1.020936327106348,0.07281106757328354,0.0554757007639375,0.002394542863184417,0,180,-0.020282982935273336,PASS
707,Brown,0.9,0.6200000000000001,0.0657714564640017,0.0582602138414755,-0.0075112426225261,0.3214729463169898,-0.2985270536830103,1.024305455367892,1.024305455367892,0.08074264417277435,0.061142117358214856,0.0025669529930699114,0,180,-0.022482430331298854,PASS
808,Green,0.1,0.38,0.0480932259579034,0.0473542204540762,-0.0007390055038272,0.3233374366489626,-0.0566625633510373,0.2172529729554,0.2172529729554,0.048093225957903496,0.03676967030809635,0.0017538167220809895,0,180,-0.0007390055038272933,PASS
808,Green,0.5,0.38,0.0480932259579034,0.0523897489301677,0.0042965229722642,0.3223872996166154,-0.0576127003833846,0.2208470062696335,0.2208470062696335,0.05322843992573147,0.04053305650204327,0.0017068849115512716,0,180,-0.0008386909955637734,PASS
808,Green,0.9,0.38,0.0480932259579034,0.0580475533509248,0.0099543273930213,0.3215031643935491,-0.0584968356064508,0.2241911305190708,0.2241911305190708,0.05899873120235932,0.044689894134666494,0.001813016788040978,0,180,-0.0009511778514345245,PASS
808,Neutral,0.1,0.5,0.0541925715351439,0.0473542204540591,-0.0068383510810847,0.3233374391977388,-0.1766625608022611,0.6505863389888545,0.6505863389888545,0.05419257153514399,0.041427521140005495,0.001977077640821657,0,180,-0.006838351081084888,PASS
808,Neutral,0.5,0.5,0.0541925715351439,0.0523897489301946,-0.0018028226049493,0.3223873864372526,-0.1776126135627473,0.6541798598456912,0.6541798598456912,0.05998150151704602,0.045669987603887005,0.0019241726004045664,0,180,-0.007591752586851415,PASS
808,Neutral,0.9,0.5,0.0541925715351439,0.0580475533509294,0.0038549818157854,0.3215030546503545,-0.1784969453496454,0.6575251028580842,0.6575251028580842,0.06648635455429859,0.05035599130183952,0.002043814491490109,0,180,-0.008438801203369192,PASS
808,Brown,0.1,0.6200000000000001,0.0656525721502647,0.0473542204540613,-0.0182983516962034,0.3233374646701882,-0.2966625353298119,1.0172527371907716,1.0172527371907716,0.06565257215026472,0.050289589083106254,0.002379453412143794,0,180,-0.018298351696203426,PASS
808,Brown,0.5,0.6200000000000001,0.0656525721502647,0.0523897489301812,-0.0132628232200834,0.3223874471517226,-0.2976125528482775,1.0208463927774662,1.0208463927774662,0.0726196597044628,0.05539548204786972,0.0023157769989850373,0,180,-0.020229910774281594,PASS
808,Brown,0.9,0.6200000000000001,0.0656525721502647,0.0580475533509146,-0.00760501879935,0.3215030272989894,-0.2984969727010107,1.0241920247507248,1.0241920247507248,0.08044837429929325,0.0610351742082006,0.002459769869950186,0,180,-0.02240082094837865,PASS
909,Green,0.1,0.38,0.0481976396856153,0.0474566120465106,-0.0007410276391047,0.3233162853447469,-0.0566837146552531,0.2173329036746241,0.2173329036746241,0.048197639685615315,0.03682435978844645,0.0017916623426640472,0,180,-0.0007410276391047119,PASS
909,Green,0.5,0.38,0.0481976396856153,0.0525415052689871,0.0043438655833718,0.3223611073755721,-0.0576388926244278,0.2209463245848597,0.2209463245848597,0.053383207384857446,0.04061898607814588,0.0017383618889695945,0,180,-0.0008417021158703478,PASS
909,Green,0.9,0.38,0.0481976396856153,0.0582577475772292,0.0100601078916138,0.3214734555908858,-0.0585265444091142,0.2243034137398708,0.2243034137398708,0.05921311257291999,0.04481519541528804,0.0018401197189377289,0,180,-0.000955364995690787,PASS
909,Neutral,0.1,0.5,0.0543102771970087,0.0474566120465378,-0.0068536651504709,0.3233162994518351,-0.1766837005481649,0.6506662438624731,0.6506662438624731,0.05431027719700879,0.041489169795646944,0.0020197454100150175,0,180,-0.006853665150470992,PASS
909,Neutral,0.5,0.5,0.0543102771970087,0.0525415052689813,-0.0017687719280274,0.3223613268557472,-0.1776386731442527,0.6542786054589051,0.6542786054589051,0.06015597097244912,0.04576685832575919,0.001959655059186837,0,180,-0.0076144657034678195,PASS
909,Neutral,0.9,0.5,0.0543102771970087,0.0582577475772087,0.0039474703801999,0.3214733291100485,-0.1785266708899514,0.6576374105821206,0.6576374105821206,0.0667280268100969,0.050497244890633675,0.0020743687709451892,0,180,-0.008470279232888199,PASS
909,Brown,0.1,0.6200000000000001,0.0657942331574572,0.0474566120465088,-0.0183376211109483,0.3233162458723387,-0.2966837541276613,1.0173331704254,1.0173331704254,0.06579423315745722,0.05036378693115547,0.002430800515436535,0,180,-0.018337621110948422,PASS
909,Brown,0.5,0.6200000000000001,0.0657942331574572,0.0525415052689665,-0.0132527278884906,0.3223613666785219,-0.2976386333214781,1.0209450865141902,1.0209450865141902,0.07282963701894593,0.055512067172761935,0.002358481243639648,0,180,-0.020288131749979434,PASS
909,Brown,0.9,0.6200000000000001,0.0657942331574572,0.0582577475771994,-0.0075364855802578,0.3214732926526837,-0.2985267073473163,1.024304355754684,1.024304355754684,0.08073923146474596,0.06120518002302408,0.0024965402490037046,0,180,-0.02248148388754656,PASS
1010,Green,0.1,0.38,0.0481600680412933,0.047419768060847,-0.0007402999804463,0.3233237749529573,-0.0566762250470426,0.2173044841912385,0.2173044841912385,0.048160068041293386,0.036790762488126315,0.001815564075200346,0,180,-0.0007402999804463836,PASS
1010,Green,0.5,0.38,0.0481600680412933,0.0525096762118397,0.0043496081705463,0.3223668372711788,-0.0576331627288211,0.2209242761652202,0.2209242761652202,0.05335074675128193,0.040564731049119784,0.001789063088397176,0,180,-0.0008410705394422333,PASS
1010,Green,0.9,0.38,0.0481600680412933,0.0582511222159267,0.0100910541746333,0.3214743624799605,-0.0585256375200394,0.2243000311140844,0.2243000311140844,0.05920635522400773,0.04473291812854231,0.0019265642451871715,0,180,-0.0009552330080810287,PASS
1010,Neutral,0.1,0.5,0.0542679226583914,0.0474197680608275,-0.0068481545975638,0.3233238922973377,-0.1766761077026623,0.6506375333806217,0.6506375333806217,0.05426792265839145,0.04145129781771554,0.0020466860425109425,0,180,-0.006848154597563952,PASS
1010,Neutral,0.5,0.5,0.0542679226583914,0.0525096762118646,-0.0017582464465267,0.3223667142254411,-0.1776332857745588,0.6542583180342448,0.6542583180342448,0.060119378079512106,0.04570569602116572,0.0020168110112172392,0,180,-0.007609701867647506,PASS
1010,Neutral,0.9,0.5,0.0542679226583914,0.0582511222159123,0.0039831995575208,0.3214742818381081,-0.1785257181618918,0.6576338965072837,0.6576338965072837,0.0667204092463573,0.05040448940690426,0.0021718210285212674,0,180,-0.008469287030445007,PASS
1010,Brown,0.1,0.6200000000000001,0.0657432586630749,0.0474197680608335,-0.0183234906022414,0.3233239552377681,-0.2966760447622319,1.017303601606211,1.017303601606211,0.06574325866307498,0.050318205572932026,0.0024632272395824014,0,180,-0.018323490602241484,PASS
1010,Brown,0.5,0.6200000000000001,0.0657432586630749,0.0525096762118328,-0.0132335824512421,0.322366757705389,-0.2976332422946111,1.0209245997624194,1.0209245997624194,0.07278559677493962,0.0554384547460754,0.00242727177030223,0,180,-0.02027592056310682,PASS
1010,Brown,0.9,0.6200000000000001,0.0657432586630749,0.0582511222159097,-0.0074921364471652,0.3214742571003011,-0.298525742899699,1.0243005998908703,1.0243005998908703,0.08073006358161776,0.06109354585689542,0.0026138264620928766,0,180,-0.022478941365708056,PASS
1111,Green,0.1,0.38,0.0481819676592951,0.0474412435473036,-0.0007407241119914,0.3233194642132135,-0.0566805357867864,0.2173210149690885,0.2173210149690885,0.048181967659295166,0.03680972944033402,0.0018032598238185776,0,180,-0.000740724111991567,PASS
1111,Green,0.5,0.38,0.0481819676592951,0.0525292355675035,0.0043472679082083,0.3223634496682107,-0.0576365503317892,0.2209371545816946,0.2209371545816946,0.05337069421668037,0.040595253826541694,0.0017622721472095365,0,180,-0.0008414586491768683,PASS
1111,Green,0.9,0.38,0.0481819676592951,0.0582581790773963,0.0100762114181011,0.3214730101035273,-0.0585269898964727,0.2243056164758923,0.2243056164758923,0.05921355266927988,0.04477871735423136,0.0018809052571286803,0,180,-0.0009553735918835793,PASS
1111,Neutral,0.1,0.5,0.0542926101117362,0.0474412435473065,-0.0068513665644297,0.3233194376600272,-0.1766805623399728,0.6506544799851309,0.6506544799851309,0.05429261011173628,0.041472682859977336,0.0020328159499573627,0,180,-0.006851366564429778,PASS
1111,Neutral,0.5,0.5,0.0542926101117362,0.0525292355674798,-0.0017633745442563,0.3223634379204019,-0.1776365620795981,0.6542704290609911,0.6542704290609911,0.06014186486998074,0.045740104562819135,0.0019866094124736224,0,180,-0.007612629302500944,PASS
1111,Neutral,0.9,0.5,0.0542926101117362,0.0582581790773859,0.0039655689656496,0.3214732397156064,-0.1785267602843935,0.6576378432258772,0.6576378432258772,0.06672852293100164,0.05045613062113122,0.002120348840580525,0,180,-0.008470343853615732,PASS
1111,Brown,0.1,0.6200000000000001,0.0657729704836496,0.0474412435473343,-0.0183317269363153,0.3233195842840899,-0.2966804157159102,1.0173201623445245,1.0173201623445245,0.06577297048364966,0.05034393846238756,0.0024465340277702073,0,180,-0.018331726936315365,PASS
1111,Brown,0.5,0.6200000000000001,0.0657729704836496,0.0525292355674752,-0.0132437349161744,0.3223634647245735,-0.2976365352754266,1.0209369296247406,1.0209369296247406,0.07281266005580339,0.05547986695283861,0.002390922775736967,0,180,-0.02028342448832819,PASS
1111,Brown,0.9,0.6200000000000001,0.0657729704836496,0.0582581790773711,-0.0075147914062785,0.3214732866727945,-0.2985267133272056,1.0243044371153898,1.0243044371153898,0.08073982855571071,0.061155697531948515,0.0025518784880192735,0,180,-0.02248164947833961,PASS
1212,Green,0.1,0.38,0.0481140933371104,0.0473746837211446,-0.0007394096159657,0.323333097517093,-0.0566669024829069,0.2172691949081707,0.2172691949081707,0.04811409333711044,0.03676536115887777,0.0018029571046878782,0,180,-0.0007394096159658373,PASS
1212,Green,0.5,0.38,0.0481140933371104,0.0524448384008664,0.0043307450637559,0.3223779517688159,-0.057622048231184,0.2208821822896045,0.2208821822896045,0.05328462242874904,0.04052556232014854,0.0017802311961041073,0,180,-0.0008397840278826368,PASS
1212,Green,0.9,0.38,0.0481140933371104,0.0581638424397012,0.0100497491025908,0.3214865192268673,-0.0585134807731326,0.2242543297283413,0.2242543297283413,0.059117336746164706,0.04467628531429094,0.0019213067794568311,0,180,-0.0009534943064635065,PASS
1212,Neutral,0.1,0.5,0.0542160953450369,0.0473746837211365,-0.0068414116239003,0.3233332296274301,-0.1766667703725699,0.65060208972494,0.65060208972494,0.05421609534503692,0.041422666860021454,0.0020324739916643183,0,180,-0.006841411623900423,PASS
1212,Neutral,0.5,0.5,0.0542160953450369,0.0524448384008711,-0.0017712569441657,0.3223779460659242,-0.1776220539340758,0.6542155219347414,0.6542155219347414,0.06004483608853867,0.045661539725694485,0.0020068556865159024,0,180,-0.007599997687667566,PASS
1212,Neutral,0.9,0.5,0.0542160953450369,0.0581638424396798,0.0039477470946429,0.3214864826316014,-0.1785135173683986,0.6575878044740469,0.6575878044740469,0.06662005865949408,0.050340649992185856,0.002165890079388515,0,180,-0.00845621621981428,PASS
1212,Brown,0.1,0.6200000000000001,0.0656808835037677,0.0473746837211718,-0.0183061997825958,0.3233331303110192,-0.2966668696889809,1.0172692231974492,1.0172692231974492,0.0656808835037677,0.050283743038073855,0.0024461230172452006,0,180,-0.018306199782595907,PASS
1212,Brown,0.5,0.6200000000000001,0.0656808835037677,0.0524448384008383,-0.0132360451029293,0.3223777967966498,-0.2976222032033503,1.0208825459036084,1.0208825459036084,0.07269588406823765,0.05538531270226099,0.0024152894962798563,0,180,-0.020251045667399353,PASS
1212,Brown,0.9,0.6200000000000001,0.0656808835037677,0.0581638424396863,-0.0075170410640814,0.3214866179797935,-0.2985133820202066,1.0242540380060836,1.0242540380060836,0.08060928973792643,0.061016710864274154,0.0026066903303671044,0,180,-0.022445447298240127,PASS
1313,Green,0.1,0.38,0.0482446720908584,0.0475027335249996,-0.0007419385658587,0.3233067168402816,-0.0566932831597183,0.2173690671276352,0.2173690671276352,0.04824467209085845,0.03683524075616078,0.001845381354192694,0,180,-0.0007419385658588504,PASS
1313,Green,0.5,0.38,0.0482446720908584,0.0526318437151409,0.0043871716242825,0.3223459367962634,-0.0576540632037365,0.2210033593852252,0.2210033593852252,0.05347533848283982,0.040635550305777826,0.0018114898550569008,0,180,-0.0008434947676989185,PASS
1313,Green,0.9,0.38,0.0482446720908584,0.0584180852099631,0.0101734131191046,0.3214508557185259,-0.058549144281474,0.2243889480690063,0.2243889480690063,0.05937664454237011,0.044837856143092825,0.0019417913023298905,0,180,-0.0009585593324070163,PASS
1313,Neutral,0.1,0.5,0.0543632968574389,0.0475027335249901,-0.0068605633324488,0.3233068641056718,-0.1766931358943282,0.6507015322360106,0.6507015322360106,0.05436329685743893,0.04150144248153497,0.0020802986988198648,0,180,-0.006860563332448832,PASS
1313,Neutral,0.5,0.5,0.0543632968574389,0.0526318437151557,-0.0017314531422831,0.3223459060352945,-0.1776540939647055,0.654337182639279,0.654337182639279,0.06025983041797991,0.04578553037281698,0.0020420927960994577,0,180,-0.007627986702824205,PASS
1313,Neutral,0.9,0.5,0.0543632968574389,0.0584180852099458,0.0040547883525068,0.3214507094020208,-0.1785492905979792,0.6577230821742632,0.6577230821742632,0.0669123765035787,0.05052279245390997,0.002188981988977464,0,180,-0.008494291293632904,PASS
1313,Brown,0.1,0.6200000000000001,0.0658580433291967,0.0475027335249923,-0.0183553098042044,0.3233067745091399,-0.2966932254908602,1.0173688841811577,1.0173688841811577,0.06585804332919677,0.05037855036020647,0.0025036813624005555,0,180,-0.018355309804204474,PASS
1313,Brown,0.5,0.6200000000000001,0.0658580433291967,0.0526318437151441,-0.0132261996140526,0.3223459150213794,-0.2976540849786207,1.0210034641167771,1.0210034641167771,0.0729546338409185,0.05553453674479806,0.002457698980363408,0,180,-0.020322790125774405,PASS
1313,Brown,0.9,0.6200000000000001,0.0658580433291967,0.0584180852099431,-0.0074399581192536,0.3214507579379884,-0.2985492420620117,1.0243894399196902,1.0243894399196902,0.08096109983404982,0.06123592355721713,0.0026344810138913036,0,180,-0.022543014624106725,PASS
1414,Green,0.1,0.38,0.0482541208547565,0.0475119992792998,-0.0007421215754566,0.3233048984979831,-0.0566951015020168,0.2173762227043184,0.2173762227043184,0.04825412085475653,0.03682734746364983,0.001882424597711031,0,180,-0.0007421215754567292,PASS
1414,Green,0.5,0.38,0.0482541208547565,0.0526675598061883,0.0044134389514318,0.3223398395318405,-0.0576601604681595,0.2210264482832299,0.2210264482832299,0.05351176334991008,0.04061806992169314,0.0018767139923188225,0,180,-0.0008442035437217776,PASS
1414,Green,0.9,0.38,0.0482541208547565,0.0585077748022256,0.010253653947469,0.3214384303625379,-0.058561569637462,0.2244357159722811,0.2244357159722811,0.05946812111373319,0.04480183295699583,0.002050225215344876,0,180,-0.0009603463115075914,PASS
1414,Neutral,0.1,0.5,0.0543739484550089,0.0475119992792891,-0.0068619491757197,0.3233048855732016,-0.1766951144267983,0.6507093808634995,0.6507093808634995,0.054373948455008966,0.04149253966908285,0.0021220584139841547,0,180,-0.006861949175719868,PASS
1414,Neutral,0.5,0.5,0.0543739484550089,0.0526675598061828,-0.0017063886488261,0.3223398826109324,-0.1776601173890675,0.6543595070489512,0.6543595070489512,0.060300892193865335,0.045765824638758404,0.00211562005154393,0,180,-0.0076333323876825385,PASS
1414,Neutral,0.9,0.5,0.0543739484550089,0.0585077748021853,0.0041338263471763,0.3214381641772083,-0.1785618358227917,0.6577705282686913,0.6577705282686913,0.06701549810083433,0.05048218286024938,0.0023112199017524706,0,180,-0.008507723298649031,PASS
1414,Brown,0.1,0.6200000000000001,0.0658708627298621,0.0475119992793031,-0.0183588634505589,0.3233048882790358,-0.2966951117209643,1.0173761276428128,1.0173761276428128,0.06587086272986212,0.05036784107086581,0.00255393911503853,0,180,-0.018358863450559017,PASS
1414,Brown,0.5,0.6200000000000001,0.0658708627298621,0.0526675598062047,-0.0132033029236573,0.3223397601052996,-0.2976602398947005,1.0210266292476744,1.0210266292476744,0.07300405247071848,0.055510821913633136,0.0025461890830390816,0,180,-0.020336492664513775,PASS
1414,Brown,0.9,0.6200000000000001,0.0658708627298621,0.0585077748022063,-0.0073630879276557,0.3214380571692454,-0.2985619428307546,1.024437589193833,1.024437589193833,0.08108520864156403,0.06118704545770259,0.0027815995484111434,0,180,-0.02257743383935773,PASS
1515,Green,0.1,0.38,0.0482514383831319,0.0475093687636455,-0.0007420696194863,0.3233053605198956,-0.0566946394801043,0.2173742410149023,0.2173742410149023,0.04825143838313195,0.036835271161038324,0.001856566085458023,0,180,-0.0007420696194864532,PASS
1515,Green,0.5,0.38,0.0482514383831319,0.0526486228988015,0.0043971845156696,0.3223430114884333,-0.0576569885115667,0.2210145250493129,0.2210145250493129,0.05349245064230093,0.04063107381695399,0.0018354184928437958,0,180,-0.000843827743499434,PASS
1515,Green,0.9,0.38,0.0482514383831319,0.0584577859749708,0.0102063475918389,0.321445022476754,-0.058554977523246,0.2244113857804548,0.2244113857804548,0.059417136295364034,0.04482022950726192,0.0019897763486832034,0,180,-0.0009593503203932374,PASS
1515,Neutral,0.1,0.5,0.0543709245030356,0.0475093687636764,-0.0068615557393591,0.3233053778932989,-0.1766946221067011,0.6507079258412224,0.6507079258412224,0.054370924503035656,0.04150147656853143,0.0020929074010182162,0,180,-0.006861555739359253,PASS
1515,Neutral,0.5,0.5,0.0543709245030356,0.0526486228988198,-0.0017223016042157,0.3223430319123251,-0.1776569680876748,0.6543478540206321,0.6543478540206321,0.06027912096625679,0.045780484286925126,0.0020690674039074704,0,180,-0.007630498067436986,PASS
1515,Neutral,0.9,0.5,0.0543709245030356,0.0584577859749579,0.0040868614719222,0.3214451554830225,-0.1785548445169775,0.6577440951065422,0.6577440951065422,0.06695802288255825,0.05050292422864736,0.0022430740790552206,0,180,-0.008500236907600357,PASS
1515,Brown,0.1,0.6200000000000001,0.0658672233460347,0.047509368763657,-0.0183578545823777,0.3233054412280831,-0.2966945587719169,1.017373885961065,1.017373885961065,0.06586722334603479,0.050378590762728645,0.0025188571873365484,0,180,-0.018357854582377785,PASS
1515,Brown,0.5,0.6200000000000001,0.0658672233460347,0.0526486228988385,-0.0132186004471962,0.3223431286777355,-0.2976568713222646,1.0210142268159497,1.0210142268159497,0.0729778503833936,0.055528463940580565,0.002490163182061578,0,180,-0.020329227484555103,PASS
1515,Brown,0.9,0.6200000000000001,0.0658672233460347,0.058457785974951,-0.0074094373710837,0.3214451670640633,-0.2985548329359368,1.0244107225822154,1.0244107225822154,0.08101603612104694,0.061212010664315294,0.002699582931890203,0,180,-0.022558250146095936,PASS
1616,Green,0.1,0.38,0.048107861991623,0.0473685730511751,-0.0007392889404478,0.3233345463471785,-0.0566654536528214,0.2172639590622151,0.2172639590622151,0.048107861991623,0.036774836357615096,0.001765908263020893,0,180,-0.0007392889404478978,PASS
1616,Green,0.5,0.38,0.048107861991623,0.0524151541776907,0.0043072921860677,0.3223829711070425,-0.0576170288929575,0.2208633646369709,0.2208633646369709,0.05325434923375516,0.04054084121710548,0.0017226263797765944,0,180,-0.0008391950560644595,PASS
1616,Green,0.9,0.38,0.048107861991623,0.0580896698282982,0.0099818078366752,0.3214971860599652,-0.0585028139400347,0.224213741233281,0.224213741233281,0.05904168661268796,0.04470031543077181,0.001834785248357399,0,180,-0.0009520167843897615,PASS
1616,Neutral,0.1,0.5,0.0542090707452952,0.0473685730511463,-0.0068404976941488,0.3233344741720421,-0.1766655258279578,0.6505974827418097,0.6505974827418097,0.0542090707452952,0.04143334717993656,0.0019907102812653866,0,180,-0.006840497694148899,PASS
1616,Neutral,0.5,0.5,0.0542090707452952,0.0524151541776923,-0.0017939165676028,0.3223830118187555,-0.1776169881812445,0.6541963443338621,0.6541963443338621,0.060010709096509865,0.04567876325519952,0.0019419180089670386,0,180,-0.007595554918817568,PASS
1616,Neutral,0.9,0.5,0.0542090707452952,0.0580896698282718,0.0038805990829766,0.3214971021120199,-0.1785028978879801,0.6575475487105388,0.6575475487105388,0.06653477821576517,0.05036774584950169,0.0020683548595923054,0,180,-0.00844510838749337,PASS
1616,Brown,0.1,0.6200000000000001,0.0656724292641071,0.0473685730511732,-0.0183038562129338,0.3233344708563689,-0.2966655291436312,1.0172644022954185,1.0172644022954185,0.06567242926410713,0.05029659849325213,0.0023958576102878653,0,180,-0.018303856212933928,PASS
1616,Brown,0.5,0.6200000000000001,0.0656724292641071,0.0524151541777055,-0.0132572750864015,0.3223829743204153,-0.2976170256795848,1.0208634448889904,1.0208634448889904,0.0726548115829655,0.05540604131676663,0.0023371360353296195,0,180,-0.020239657405259993,PASS
1616,Brown,0.9,0.6200000000000001,0.0656724292641071,0.0580896698282813,-0.0075827594358258,0.3214970680744344,-0.2985029319255656,1.024214452362231,1.024214452362231,0.08050665309868997,0.061049320850964366,0.002489305127421764,0,180,-0.02241698327040867,PASS
1717,Green,0.1,0.38,0.0481262499188896,0.0473866048778009,-0.0007396450410886,0.3233308312265643,-0.0566691687734356,0.2172780326577889,0.2172780326577889,0.0481262499188896,0.036783158073432076,0.0017762090803675348,0,180,-0.000739645041088699,PASS
1717,Green,0.5,0.38,0.0481262499188896,0.0524439085768443,0.0043176586579547,0.3223780277759459,-0.057621972224054,0.2208820425558194,0.2208820425558194,0.053283674155679625,0.04055418828060744,0.0017334090678298498,0,180,-0.0008397655788353262,PASS
1717,Green,0.9,0.38,0.0481262499188896,0.058132331293261,0.0100060813743714,0.3214911509963696,-0.0585088490036304,0.2242365438066497,0.2242365438066497,0.05908519788808432,0.044720504501103625,0.0018464498317230758,0,180,-0.0009528665948233192,PASS
1717,Neutral,0.1,0.5,0.0542297994674329,0.0473866048777998,-0.0068431945896331,0.3233308048415884,-0.1766691951584116,0.6506108791164378,0.6506108791164378,0.05422979946743296,0.041442728463381505,0.002002322165483419,0,180,-0.006843194589633166,PASS
1717,Neutral,0.5,0.5,0.0542297994674329,0.0524439085768348,-0.0017858908905981,0.3223780196494968,-0.1776219803505031,0.6542156334926881,0.6542156334926881,0.06004376709970003,0.045693812113554215,0.001954071549446173,0,180,-0.007599858522865231,PASS
1717,Neutral,0.9,0.5,0.0542297994674329,0.0581323312932266,0.0039025318257936,0.3214910761468268,-0.1785089238531731,0.65757030779964,0.65757030779964,0.0665838285042806,0.050390496766315025,0.0020815052632017195,0,180,-0.008451497211054003,PASS
1717,Brown,0.1,0.6200000000000001,0.0656973766762331,0.0473866048777783,-0.0183107717984547,0.3233307374902955,-0.2966692625097045,1.01727844509743,1.01727844509743,0.06569737667623313,0.05030788837260835,0.0024098335970199948,0,180,-0.018310771798454827,PASS
1717,Brown,0.5,0.6200000000000001,0.0656973766762331,0.0524439085768602,-0.0132534680993729,0.3223780631989376,-0.2976219368010625,1.0208818403917406,1.0208818403917406,0.07269459751979729,0.05542415444298895,0.0023517615742558997,0,180,-0.020250688942937085,PASS
1717,Brown,0.9,0.6200000000000001,0.0656973766762331,0.058132331293233,-0.007565045383,0.3214910492573023,-0.2985089507426978,1.0242371550705334,1.0242371550705334,0.08056568605567627,0.061076706004007435,0.0025051295331960585,0,180,-0.022433354762443264,PASS
1818,Green,0.1,0.38,0.0483308615686239,0.0475872535658262,-0.0007436080027976,0.3232894340293674,-0.0567105659706325,0.2174346118012968,0.2174346118012968,0.048330861568623956,0.036875892480485624,0.0018873559313996812,0,180,-0.0007436080027977549,PASS
1818,Green,0.5,0.38,0.0483308615686239,0.0527645253328718,0.0044336637642478,0.3223232403168183,-0.0576767596831816,0.2210894126481566,0.2210894126481566,0.05361065323219246,0.04069714773472593,0.0018585898820617356,0,180,-0.0008461278993206617,PASS
1818,Green,0.9,0.38,0.0483308615686239,0.0586166727317376,0.0102858111631136,0.3214231867124973,-0.0585768132875026,0.2244934280548809,0.2244934280548809,0.05957918885712355,0.04492068578559289,0.0020040969807055995,0,180,-0.0009625161253859482,PASS
1818,Neutral,0.1,0.5,0.0544604583107079,0.047587253565863,-0.0068732047448449,0.3232893786449217,-0.1767106213550782,0.6507679704598297,0.6507679704598297,0.05446045831070796,0.041547264263323655,0.0021276178387432086,0,180,-0.006873204744844964,PASS
1818,Neutral,0.5,0.5,0.0544604583107079,0.05276452533291,-0.0016959329777979,0.3223233273916456,-0.1776766726083543,0.6544224101934317,0.6544224101934317,0.06041237082124911,0.04585496805428987,0.002095189400388239,0,180,-0.0076478454883391125,PASS
1818,Neutral,0.9,0.5,0.0544604583107079,0.0586166727317083,0.0041562144210003,0.3214229623010196,-0.1785770376989803,0.6578279614110929,0.6578279614110929,0.0671407048388142,0.050616164367793814,0.002259220364507146,0,180,-0.008524032107105894,PASS
1818,Brown,0.1,0.6200000000000001,0.065974978989834,0.0475872535658283,-0.0183877254240057,0.3232894410845121,-0.296710558915488,1.0174343693631398,1.0174343693631398,0.06597497898983408,0.05043370325876525,0.002560629772990234,0,180,-0.018387725424005782,PASS
1818,Brown,0.5,0.6200000000000001,0.065974978989834,0.0527645253328788,-0.0132104536569552,0.3223232755501525,-0.2976767244498475,1.0210889221403046,1.0210889221403046,0.07313821912325046,0.05561810624969577,0.0025216017482195836,0,180,-0.020373693790371655,PASS
1818,Brown,0.9,0.6200000000000001,0.065974978989834,0.0586166727317129,-0.0073583062581211,0.3214229453629162,-0.2985770546370839,1.0244947242152784,1.0244947242152784,0.08123589733681104,0.061348300473040795,0.002719013250509896,0,180,-0.02261922460509814,PASS
1919,Green,0.1,0.38,0.0481645117381848,0.0474241256970851,-0.0007403860410997,0.3233230050014162,-0.0566769949985837,0.2173075231605449,0.2173075231605449,0.04816451173818488,0.03679990377403726,0.0017988562420450129,0,180,-0.000740386041099779,PASS
1919,Green,0.5,0.38,0.0481645117381848,0.052504931317671,0.0043404195794861,0.3223676243379372,-0.0576323756620628,0.2209213139286861,0.2209213139286861,0.05334590770664725,0.04057999284797359,0.0017597519807543893,0,180,-0.0008409763889762542,PASS
1919,Green,0.9,0.38,0.0481645117381848,0.0582259391587027,0.0100614274205178,0.321477583688247,-0.0585224163117529,0.2242882940019797,0.2242882940019797,0.05918067048544388,0.044757043910690665,0.0018797670524249757,0,180,-0.0009547313267411761,PASS
1919,Neutral,0.1,0.5,0.0542729320407313,0.0474241256970865,-0.0068488063436448,0.3233230601950646,-0.1766769398049353,0.6506403619106287,0.6506403619106287,0.05427293204073137,0.04146160343296018,0.0020278506002618523,0,180,-0.006848806343644875,PASS
1919,Neutral,0.5,0.5,0.0542729320407313,0.0525049313176542,-0.0017680007230771,0.3223676016731975,-0.1776323983268024,0.6542547457892434,0.6542547457892434,0.060113923021410096,0.045722898804497134,0.0019837697877345298,0,180,-0.007608991703755896,PASS
1919,Neutral,0.9,0.5,0.0542729320407313,0.0582259391586878,0.0039530071179565,0.3214778335436828,-0.1785221664563171,0.6576202909974906,0.6576202909974906,0.0666914548241865,0.0504316929745564,0.002119062391179783,0,180,-0.00846551566549869,PASS
1919,Brown,0.1,0.6200000000000001,0.0657492875501863,0.0474241256970914,-0.0183251618530948,0.3233228532309904,-0.2966771467690097,1.0173084967251875,1.0173084967251875,0.0657492875501863,0.050330608465107,0.0024405586029815312,0,180,-0.0183251618530949,PASS
1919,Brown,0.5,0.6200000000000001,0.0657492875501863,0.0525049313176475,-0.0132443562325387,0.3223676223096547,-0.2976323776903453,1.020921219060248,1.020921219060248,0.07277903150855694,0.05545915752724166,0.0023875069063144278,0,180,-0.020274100190909437,PASS
1919,Brown,0.9,0.6200000000000001,0.0657492875501863,0.0582259391586944,-0.0075233483914918,0.3214778367439332,-0.2985221632560668,1.0242872162120866,1.0242872162120866,0.08069521638274232,0.06112628734231003,0.0025503294364486373,0,180,-0.022469277224047922,PASS
2020,Green,0.1,0.38,0.0481896260659464,0.0474487536307868,-0.0007408724351596,0.3233177755696043,-0.0566822244303957,0.217327184155089,0.217327184155089,0.04818962606594647,0.03680585316049328,0.0018266489056473643,0,180,-0.0007408724351596688,PASS
2020,Green,0.5,0.38,0.0481896260659464,0.0525541629178006,0.0043645368518542,0.3223591805544001,-0.0576408194455998,0.2209532998507556,0.2209532998507556,0.053396116200887134,0.04058525422821565,0.0018043122534435714,0,180,-0.0008419532830865328,PASS
2020,Green,0.9,0.38,0.0481896260659464,0.0583189589616721,0.0101293328957256,0.3214648676529873,-0.0585351323470126,0.2243358265948181,0.2243358265948181,0.05927554340910906,0.04475553589395685,0.001952822188561504,0,180,-0.0009565844474369589,PASS
2020,Neutral,0.1,0.5,0.054301243438439,0.0474487536308098,-0.0068524898076291,0.3233178987393906,-0.1766821012606093,0.6506602329826687,0.6506602329826687,0.05430124343843904,0.041468314102120506,0.0020591812118148376,0,180,-0.006852489807629238,PASS
2020,Neutral,0.5,0.5,0.054301243438439,0.0525541629178112,-0.0017470805206277,0.3223591861605906,-0.1776408138394093,0.6542864700882639,0.6542864700882639,0.06017052308899678,0.04572882992506784,0.00203400263709934,0,180,-0.007616360171185582,PASS
2020,Neutral,0.9,0.5,0.054301243438439,0.0583189589616346,0.0040177155231955,0.3214646497165117,-0.1785353502834883,0.6576704166586553,0.6576704166586553,0.0667984051315563,0.050429983164679934,0.0022014228635932605,0,180,-0.008479446169921696,PASS
2020,Brown,0.1,0.6200000000000001,0.0657833608568653,0.0474487536308044,-0.0183346072260608,0.3233179040754691,-0.296682095924531,1.0173270418375997,1.0173270418375997,0.06578336085686536,0.050338679389197866,0.002478266962600139,0,180,-0.018334607226060957,PASS
2020,Brown,0.5,0.6200000000000001,0.0657833608568653,0.0525541629178046,-0.0132291979390606,0.3223591124401461,-0.2976408875598539,1.0209534936095497,1.0209534936095497,0.07284715076853701,0.05546629627944497,0.002447962611244257,0,180,-0.020292987850732414,PASS
2020,Brown,0.9,0.6200000000000001,0.0657833608568653,0.05831895896165,-0.0074644018952153,0.3214647704466007,-0.2985352295533993,1.0243362419357591,1.0243362419357591,0.08082393311584155,0.061124227049665365,0.0026494534594444356,0,180,-0.022504974154191545,PASS
2121,Green,0.1,0.38,0.0481241231874918,0.0473845193330277,-0.0007396038544641,0.323331251241636,-0.056668748758364,0.2172764300099194,0.2172764300099194,0.04812412318749189,0.03678081095486754,0.0017790578288787728,0,180,-0.0007396038544641853,PASS
2121,Green,0.5,0.38,0.0481241231874918,0.0524425263240994,0.0043184031366075,0.3223782684544759,-0.057621731545524,0.2208811615842958,0.2208811615842958,0.053282264477046676,0.04055141075328239,0.0017367545703133227,0,180,-0.0008397381529472725,PASS
2121,Green,0.9,0.38,0.0481241231874918,0.0581321701933299,0.010008047005838,0.3214911732707712,-0.0585088267292287,0.2242364605037467,0.2242364605037467,0.059085033579028015,0.044717837274089386,0.0018499331435117847,0,180,-0.0009528633856981175,PASS
2121,Neutral,0.1,0.5,0.0542274020017693,0.0473845193330008,-0.0068428826687684,0.3233311807859096,-0.1766688192140904,0.6506099284628348,0.6506099284628348,0.0542274020017693,0.04144008057601576,0.0020055312675741825,0,180,-0.0068428826687685,PASS
2121,Neutral,0.5,0.5,0.0542274020017693,0.0524425263241002,-0.001784875677669,0.3223783113651634,-0.1776216886348365,0.654214134312394,0.654214134312394,0.06004217796808034,0.04569067868950609,0.0019578444344550195,0,180,-0.007599651643980139,PASS
2121,Neutral,0.9,0.5,0.0542274020017693,0.0581321701933143,0.003904768191545,0.3214910443399065,-0.1785089556600934,0.6575705298115286,0.6575705298115286,0.06658364327857248,0.05038748080271141,0.002085437272607747,0,180,-0.008451473085258183,PASS
2121,Brown,0.1,0.6200000000000001,0.0656944912806204,0.0473845193330236,-0.0183099719475968,0.3233309948208176,-0.2966690051791825,1.0172777667889044,1.0172777667889044,0.06569449128062049,0.050304703999624965,0.0024136985325278037,0,180,-0.01830997194759689,PASS
2121,Brown,0.5,0.6200000000000001,0.0656944912806204,0.0524425263241126,-0.0132519649565078,0.3223782996855001,-0.2976217003145,1.020880947130502,1.020880947130502,0.07269268496961316,0.055420379741348065,0.002356305478570434,0,180,-0.02025015864550056,PASS
2121,Brown,0.9,0.6200000000000001,0.0656944912806204,0.0581321701933166,-0.0075623210873038,0.3214909353895572,-0.2985090646104429,1.0242374446234306,1.0242374446234306,0.08056546313300844,0.0610730747254254,0.0025098627275729314,0,180,-0.02243329293969184,PASS
2222,Green,0.1,0.38,0.0481943410753891,0.0474533773223641,-0.000740963753025,0.3233167802437595,-0.0566832197562404,0.21733081171952,0.21733081171952,0.048194341075389106,0.036813364540388104,0.0018156373001571172,0,180,-0.0007409637530250077,PASS
2222,Green,0.5,0.38,0.0481943410753891,0.0525513885311821,0.004357047455793,0.3223597334872684,-0.0576402665127315,0.220951091758429,0.220951091758429,0.05339328676155244,0.04060215213862962,0.0017762897608428793,0,180,-0.0008418982303703346,PASS
2222,Green,0.9,0.38,0.0481943410753891,0.0582940437324233,0.0100997026570342,0.3214679353223096,-0.0585320646776903,0.2243248294669085,0.2243248294669085,0.05925013181388867,0.04479124690497588,0.0018962648605818809,0,180,-0.0009560880814653699,PASS
2222,Neutral,0.1,0.5,0.0543065586715922,0.0474533773223778,-0.0068531813492144,0.3233169708451553,-0.1766830291548446,0.6506636512172878,0.6506636512172878,0.054306558671592293,0.04147678095335121,0.0020467687797603097,0,180,-0.0068531813492144905,PASS
2222,Neutral,0.5,0.5,0.0543065586715922,0.0525513885311777,-0.0017551701404144,0.3223596306503947,-0.1776403693496052,0.6542850574794649,0.6542850574794649,0.060167333460227894,0.04574788097456325,0.0020024114997068214,0,180,-0.007615944929050197,PASS
2222,Neutral,0.9,0.5,0.0543065586715922,0.0582940437324082,0.0039874850608159,0.3214681772694365,-0.1785318227305635,0.6576570000188128,0.6576570000188128,0.06676975862405832,0.05047024135519366,0.002137664661214812,0,180,-0.008475714891650117,PASS
2222,Brown,0.1,0.6200000000000001,0.0657897578412567,0.0474533773223907,-0.0183363805188659,0.3233170024187773,-0.2966829975812227,1.0173297472010865,1.0173297472010865,0.0657897578412567,0.05034887072645271,0.002463326239111952,0,180,-0.01833638051886599,PASS
2222,Brown,0.5,0.6200000000000001,0.0657897578412567,0.05255138853119,-0.0132383693100666,0.3223596322795793,-0.2976403677204207,1.02095170276094,1.02095170276094,0.07284331198952862,0.055489224685913344,0.0024099420611293685,0,180,-0.02029192345833862,PASS
2222,Brown,0.9,0.6200000000000001,0.0657897578412567,0.0582940437324165,-0.00749571410884,0.3214681756373132,-0.2985318243626869,1.024323507350387,1.024323507350387,0.0807894564981457,0.06117267653116985,0.002572719997131624,0,180,-0.0224954127657292,PASS
2323,Green,0.1,0.38,0.0480993838403066,0.0473602590854837,-0.0007391247548229,0.323336212900551,-0.0566637870994489,0.2172575892599911,0.2172575892599911,0.048099383840306674,0.03677026199859618,0.0017628854863150707,0,180,-0.0007391247548229757,PASS
2323,Green,0.5,0.38,0.0480993838403066,0.0524034579314979,0.0043040740911912,0.3223849711878798,-0.0576150288121202,0.220855820784005,0.220855820784005,0.05324242092336897,0.04053226582696417,0.0017227293618803854,0,180,-0.00083896299187107,PASS
2323,Green,0.9,0.38,0.0480993838403066,0.0580760950683993,0.0099767112280926,0.3214991048125122,-0.0585008951874878,0.2242064971463307,0.2242064971463307,0.05902784145003998,0.04468477954125164,0.0018404165090574736,0,180,-0.0009517463816406807,PASS
2323,Neutral,0.1,0.5,0.0541995133199076,0.0473602590854696,-0.006839254234438,0.3233362078438174,-0.1766637921561825,0.6505908648429036,0.6505908648429036,0.05419951331990769,0.041428190501468135,0.0019873026755964323,0,180,-0.00683925423443809,PASS
2323,Neutral,0.5,0.5,0.0541995133199076,0.0524034579315026,-0.001796055388405,0.3223850087300968,-0.1776149912699032,0.6541888612823596,0.6541888612823596,0.05999726230460201,0.04566909674131771,0.0019420342606473195,0,180,-0.007593804373099415,PASS
2323,Neutral,0.9,0.5,0.0541995133199076,0.0580760950683751,0.0038765817484674,0.3214990273900642,-0.1785009726099358,0.6575402701423023,0.6575402701423023,0.0665191705550809,0.05035022248277261,0.002074704738756932,0,180,-0.008443075486705802,PASS
2323,Brown,0.1,0.6200000000000001,0.0656609267205127,0.0473602590854487,-0.0183006676350639,0.323336200259217,-0.2966637997407831,1.0172575510830637,1.0172575510830637,0.0656609267205127,0.0502903942289611,0.002391753657601695,0,180,-0.018300667635064,PASS
2323,Brown,0.5,0.6200000000000001,0.0656609267205127,0.0524034579315037,-0.0132574687890089,0.3223850068968378,-0.2976149931031623,1.0208554556151732,1.0208554556151732,0.07263862811264574,0.05539440749499517,0.002337275934176387,0,180,-0.020235170181142036,PASS
2323,Brown,0.9,0.6200000000000001,0.0656609267205127,0.0580760950683751,-0.0075848316521375,0.3214990575174067,-0.2985009424825934,1.0242068615606246,1.0242068615606246,0.08048786898161711,0.06102823182969066,0.002496946967286506,0,180,-0.022411773913242013,PASS
2424,Green,0.1,0.38,0.048288709102716,0.0475459175854506,-0.0007427915172653,0.3232978712162108,-0.0567021287837891,0.2174026602731142,0.2174026602731142,0.04828870910271603,0.0368202882163588,0.00195800787646474,0,180,-0.0007427915172654315,PASS
2424,Green,0.5,0.38,0.048288709102716,0.0527666311529204,0.0044779220502044,0.3223230781890824,-0.0576769218109175,0.2210896766506918,0.2210896766506918,0.05361280084550014,0.04057897583496627,0.002038232497757919,0,180,-0.0008461696925797374,PASS
2424,Green,0.9,0.38,0.048288709102716,0.0587517136509883,0.0104630045482722,0.3214044098933182,-0.0585955901066818,0.2245649845458431,0.2245649845458431,0.05971692068724391,0.044694440855858934,0.0023498860116898676,0,180,-0.0009652070362556053,PASS
2424,Neutral,0.1,0.5,0.0544129398089986,0.0475459175854265,-0.0068670222235721,0.3232978517394474,-0.1767021482605525,0.6507363359653824,0.6507363359653824,0.054412939808998646,0.04148458232288705,0.0022072628261834266,0,180,-0.006867022223572147,PASS
2424,Neutral,0.5,0.5,0.0544129398089986,0.0527666311529207,-0.0016463086560778,0.3223229859113649,-0.177677014088635,0.6544235904211306,0.6544235904211306,0.060414791827101993,0.0457217515854793,0.0022977016830024034,0,180,-0.007648160674181295,PASS
2424,Neutral,0.9,0.5,0.0544129398089986,0.0587517136509541,0.0043387738419554,0.3214041980658439,-0.178595801934156,0.6578988054357237,0.6578988054357237,0.06729597001877023,0.05036112110085354,0.002649026608599787,0,180,-0.008544256367816132,PASS
2424,Brown,0.1,0.6200000000000001,0.0659177895674553,0.0475459175854089,-0.0183718719820463,0.3232979042850053,-0.2967020957149948,1.0174024724430706,1.0174024724430706,0.0659177895674553,0.05035826468935374,0.002656483485528146,0,180,-0.018371871982046394,PASS
2424,Brown,0.5,0.6200000000000001,0.0659177895674553,0.052766631152924,-0.0131511584145312,0.3223229717984186,-0.2976770282015815,1.021090379439609,1.021090379439609,0.07314113284993128,0.05545777897771389,0.0027653282118852577,0,180,-0.020374501697007275,PASS
2424,Brown,0.9,0.6200000000000001,0.0659177895674553,0.0587517136509555,-0.0071660759164997,0.3214040721052215,-0.2985959278947785,1.0245659836082317,1.0245659836082317,0.081422761939814,0.06104134815204846,0.003188152038122791,0,180,-0.0226710482888585,PASS
2525,Green,0.1,0.38,0.0481939499497527,0.047452993771842,-0.0007409561779106,0.3233170374868156,-0.0566829625131843,0.2173301544034264,0.2173301544034264,0.04819394994975275,0.0368041710120866,0.001839951670226122,0,180,-0.0007409561779107496,PASS
2525,Green,0.5,0.38,0.0481939499497527,0.0525652437302926,0.0043712937805398,0.3223572981157425,-0.0576427018842574,0.220960392123324,0.220960392123324,0.05340741689331041,0.04058756352352707,0.0018149605235859702,0,180,-0.0008421731630178092,PASS
2525,Green,0.9,0.38,0.0481939499497527,0.0583361835405265,0.0101422335907738,0.3214624169062153,-0.0585375830937846,0.2243451451876285,0.2243451451876285,0.05929311114364938,0.044768874985514406,0.0019549438029964473,0,180,-0.0009569276031228813,PASS
2525,Neutral,0.1,0.5,0.054306117755412,0.0474529937718217,-0.0068531239835903,0.3233170417951889,-0.1766829582048111,0.6506634015035978,0.6506634015035978,0.054306117755412095,0.04146641357509341,0.002074177819877449,0,180,-0.006853123983590392,PASS
2525,Neutral,0.5,0.5,0.054306117755412,0.0525652437303265,-0.0017408740250855,0.3223573023329354,-0.1776426976670645,0.6542935048509557,0.6542935048509557,0.06018326236677492,0.04573143297177615,0.0020460066142873575,0,180,-0.007618018636448419,PASS
2525,Neutral,0.9,0.5,0.054306117755412,0.0583361835405013,0.0040300657850892,0.3214622578574239,-0.1785377421425761,0.6576793443878586,0.6576793443878586,0.06681820924990704,0.05044502080744255,0.002203813896120238,0,180,-0.00848202570940574,PASS
2525,Brown,0.1,0.6200000000000001,0.065789227190232,0.0474529937718442,-0.0183362334183877,0.3233170703175061,-0.296682929682494,1.0173296171529853,1.0173296171529853,0.06578922719023202,0.050336397771825525,0.0024963139544952905,0,180,-0.018336233418387818,PASS
2525,Brown,0.5,0.6200000000000001,0.065789227190232,0.0525652437303139,-0.0132239834599181,0.3223573896698903,-0.2976426103301097,1.0209603573326582,1.0209603573326582,0.07286248273211803,0.055469429546559694,0.002462409278491812,0,180,-0.020297239001804128,PASS
2525,Brown,0.9,0.6200000000000001,0.065789227190232,0.0583361835405314,-0.0074530436497005,0.3214622820262497,-0.2985377179737503,1.0243457301243213,1.0243457301243213,0.08084776774969085,0.061142322376888394,0.00265233284881852,0,180,-0.022511584209159455,PASS
2626,Green,0.1,0.38,0.0482396861671086,0.0474978441709979,-0.0007418419961106,0.3233077340172621,-0.0566922659827379,0.2173651979090402,0.2173651979090402,0.04823968616710863,0.03683660939354255,0.0018329874908224566,0,180,-0.0007418419961107287,PASS
2626,Green,0.5,0.38,0.0482396861671086,0.0526181921152406,0.004378505948132,0.3223482722920235,-0.0576517277079764,0.2209945314289745,0.2209945314289745,0.053461415975991924,0.04063797864080016,0.001792737351395188,0,180,-0.0008432238607513215,PASS
2626,Green,0.9,0.38,0.0482396861671086,0.0583888619556046,0.010149175788496,0.3214546367272473,-0.0585453632727527,0.2243750770465077,0.2243750770465077,0.05934683906319112,0.04484179204788984,0.0019143430069060142,0,180,-0.0009579771075865148,PASS
2626,Neutral,0.1,0.5,0.0543576762224151,0.0474978441709836,-0.0068598320514315,0.3233077906382188,-0.1766922093617812,0.6506984185601409,0.6506984185601409,0.05435767622241518,0.04150298502079208,0.0020663275309624894,0,180,-0.0068598320514315775,PASS
2626,Neutral,0.5,0.5,0.0543576762224151,0.0526181921152882,-0.0017394841071269,0.3223482699179828,-0.1776517300820171,0.6543278093492101,0.6543278093492101,0.06024413556712842,0.04578826785297923,0.0020209530821281674,0,180,-0.007625943451840221,PASS
2626,Neutral,0.9,0.5,0.0543576762224151,0.0583888619555862,0.004031185733171,0.3214548626182169,-0.178545137381783,0.6577072865843736,0.6577072865843736,0.0668787767678855,0.050527229665715837,0.0021580393718805212,0,180,-0.008489914812299305,PASS
2626,Brown,0.1,0.6200000000000001,0.0658512787878319,0.0474978441710226,-0.0183534346168092,0.3233076524689819,-0.2966923475310182,1.0173655380667816,1.0173655380667816,0.0658512787878319,0.050380407132890014,0.0024868664165795876,0,180,-0.018353434616809293,PASS
2626,Brown,0.5,0.6200000000000001,0.0658512787878319,0.0526181921152571,-0.0132330866725747,0.3223483474020814,-0.2976516525979187,1.020994127521564,1.020994127521564,0.07293574478881679,0.05553783252256477,0.002432255890015833,0,180,-0.02031755267355969,PASS
2626,Brown,0.9,0.6200000000000001,0.0658512787878319,0.0583888619555944,-0.0074624168322374,0.3214548378644377,-0.2985451621355624,1.0243737736753205,1.0243737736753205,0.0809206619118229,0.061241266556780284,0.0025972397111438486,0,180,-0.022531799956228497,PASS
2727,Green,0.1,0.38,0.0482269836864144,0.0474853877158729,-0.0007415959705414,0.3233103028646649,-0.0566896971353351,0.2173556045871859,0.2173556045871859,0.0482269836864144,0.036816995574959294,0.001863151894948905,0,180,-0.000741595970541499,PASS
2727,Green,0.5,0.38,0.0482269836864144,0.0526211454183266,0.0043941617319122,0.3223477619493423,-0.0576522380506577,0.2209964522968036,0.2209964522968036,0.05346442788516971,0.04060488899073131,0.001847881382829018,0,180,-0.0008432824668431135,PASS
2727,Green,0.9,0.38,0.0482269836864144,0.0584291539280775,0.0102021702416631,0.3214490118094811,-0.0585509881905189,0.22439632644093,0.22439632644093,0.059387933788951894,0.04478850523961837,0.0020048670879836013,0,180,-0.0009587798608743925,PASS
2727,Neutral,0.1,0.5,0.0543433567078243,0.0474853877158501,-0.0068579689919741,0.3233103356227374,-0.1766896643772625,0.6506888349972637,0.6506888349972637,0.05434335670782435,0.04148087080622073,0.002100331329552996,0,180,-0.006857968991974252,PASS
2727,Neutral,0.5,0.5,0.0543433567078243,0.0526211454183474,-0.0017222112894768,0.3223477132146917,-0.1776522867853082,0.6543301401286299,0.6543301401286299,0.06024753089426438,0.04575096722147323,0.002083115999170415,0,180,-0.007626385475916979,PASS
2727,Neutral,0.9,0.5,0.0543433567078243,0.0584291539280638,0.0040857972202395,0.3214492053685486,-0.1785507946314514,0.6577286773180198,0.6577286773180198,0.06692510287845184,0.050467157824518195,0.002260087077399977,0,180,-0.008495948950388042,PASS
2727,Brown,0.1,0.6200000000000001,0.0658340449791318,0.047485387715922,-0.0183486572632097,0.3233103700761895,-0.2966896299238105,1.0173552883726265,1.0173552883726265,0.0658340449791318,0.05035379689748198,0.002527790750854501,0,180,-0.0183486572632098,PASS
2727,Brown,0.5,0.6200000000000001,0.0658340449791318,0.0526211454183328,-0.0132128995607989,0.322347754177231,-0.297652245822769,1.0209964649619765,1.0209964649619765,0.07293983112973124,0.05549293966127203,0.0025070708592661124,0,180,-0.020318685711398436,PASS
2727,Brown,0.9,0.6200000000000001,0.0658340449791318,0.0584291539280681,-0.0074048910510636,0.321449216527198,-0.298550783472802,1.0243950700903952,1.0243950700903952,0.08097641626873842,0.06116896821881763,0.0027200563384273744,0,180,-0.022547262340670317,PASS
2828,Green,0.1,0.38,0.0481869911358752,0.047446169732501,-0.0007408214033741,0.3233184465304627,-0.0566815534695372,0.2173248617788966,0.2173248617788966,0.048186991135875205,0.03681300533799036,0.0018033123553986832,0,180,-0.0007408214033742047,PASS
2828,Green,0.5,0.38,0.0481869911358752,0.0525355588322674,0.0043485676963922,0.3223623728655606,-0.0576376271344394,0.2209412209554194,0.2209412209554194,0.05337714295317287,0.040600195777283285,0.0017613345924550913,0,180,-0.0008415841209054725,PASS
2828,Green,0.9,0.38,0.0481869911358752,0.0582657056375975,0.0100787145017222,0.3214723251435936,-0.0585276748564064,0.2243076996567705,0.2243076996567705,0.05922122917105441,0.04478521329135063,0.00187941614065335,0,180,-0.0009555235334569104,PASS
2828,Neutral,0.1,0.5,0.0542982730800896,0.0474461697325096,-0.00685210334758,0.3233184399048889,-0.176681560095111,0.6506581629611798,0.6506581629611798,0.05429827308008969,0.04147637574214874,0.0020328752296732183,0,180,-0.006852103347580095,PASS
2828,Neutral,0.5,0.5,0.0542982730800896,0.0525355588322345,-0.0017627142478551,0.3223623702984872,-0.1776376297015127,0.6542745367489812,0.6542745367489812,0.0601491345347404,0.045745677332807204,0.001985551305891183,0,180,-0.007613575702505898,PASS
2828,Neutral,0.9,0.5,0.0542982730800896,0.058265705637573,0.0039674325574833,0.3214721768877724,-0.1785278231122276,0.6576418650037507,0.6576418650037507,0.06673717665635248,0.05046343857357271,0.0021186715609220566,0,180,-0.00847147101877948,PASS
2828,Brown,0.1,0.6200000000000001,0.0657797859739834,0.04744616973249,-0.0183336162414934,0.3233184420656651,-0.296681557934335,1.0173247597568946,1.0173247597568946,0.06577978597398348,0.050348382935562395,0.002446605331794896,0,180,-0.018333616241493482,PASS
2828,Brown,0.5,0.6200000000000001,0.0657797859739834,0.0525355588322726,-0.0132442271417108,0.3223623063030263,-0.2976376936969738,1.0209413982433562,1.0209413982433562,0.0728214092358801,0.05548657517023155,0.0023896480789412236,0,180,-0.020285850403607496,PASS
2828,Brown,0.9,0.6200000000000001,0.0657797859739834,0.0582657056375642,-0.0075140803364192,0.3214719993418392,-0.2985280006581609,1.0243091552641064,1.0243091552641064,0.08075024347908644,0.06116449281427363,0.0025498598398145467,0,180,-0.02248453784152224,PASS
2929,Green,0.1,0.38,0.0481917260170317,0.0474508129111426,-0.000740913105889,0.323317542294638,-0.0566824577053619,0.217328271955826,0.217328271955826,0.04819172601703173,0.036806521863008285,0.0018291220984969106,0,180,-0.0007409131058891266,PASS
2929,Green,0.5,0.38,0.0481917260170317,0.0525571725521022,0.0043654465350705,0.322358666232869,-0.0576413337671309,0.2209552453049109,0.2209552453049109,0.05339918555608672,0.04058867790970924,0.0018031898764167816,0,180,-0.0008420130039845167,PASS
2929,Green,0.9,0.38,0.0481917260170317,0.058320475250078,0.0101287492330463,0.3214646331854643,-0.0585353668145356,0.2243367536571873,0.2243367536571873,0.05927708990555602,0.04476478131905322,0.0019451339717332515,0,180,-0.0009566146554780205,PASS
2929,Neutral,0.1,0.5,0.0543036107146366,0.0474508129111798,-0.0068527978034567,0.323317441924607,-0.176682558075393,0.650662180624695,0.650662180624695,0.05430361071463664,0.04146906392821296,0.002061969389042141,0,180,-0.0068527978034568365,PASS
2929,Neutral,0.5,0.5,0.0543036107146366,0.0525571725521007,-0.0017464381625359,0.3223586562903437,-0.1776413437096562,0.654288659663591,0.654288659663591,0.06017398317506968,0.04573269140785888,0.0020327360609192612,0,180,-0.007616810622968984,PASS
2929,Neutral,0.9,0.5,0.0543036107146366,0.0583204752500504,0.0040168645354138,0.3214644719903943,-0.1785355280096057,0.6576709634963194,0.6576709634963194,0.06680014849798696,0.05044040501278031,0.0021927563419221244,0,180,-0.00847967324793656,PASS
2929,Brown,0.1,0.6200000000000001,0.0657862099188815,0.0474508129111499,-0.0183353970077315,0.3233174810258453,-0.2966825189741547,1.0173286407083826,1.0173286407083826,0.06578620991888152,0.0503395874754231,0.002481620951488317,0,180,-0.018335397007731624,PASS
2929,Brown,0.5,0.6200000000000001,0.0657862099188815,0.0525571725521295,-0.013229037366752,0.3223588471389904,-0.2976411528610097,1.0209548431700834,1.0209548431700834,0.07285131504806516,0.05547094404617457,0.0024464379664699424,0,180,-0.02029414249593566,PASS
2929,Brown,0.9,0.6200000000000001,0.0657862099188815,0.0583204752500605,-0.0074657346688209,0.3214644909542428,-0.2985355090457572,1.024337412128078,1.024337412128078,0.08082603129056445,0.061136769993321724,0.0026390231206267767,0,180,-0.022505556040503957,PASS
3030,Green,0.1,0.38,0.0481357898968281,0.0473959601018296,-0.0007398297949985,0.3233288213778519,-0.0566711786221481,0.2172855242813619,0.2172855242813619,0.04813578989682814,0.036778454314526636,0.0018059398329579822,0,180,-0.0007398297949985366,PASS
3030,Green,0.5,0.38,0.0481357898968281,0.0524735027422655,0.0043377128454374,0.3223728086273242,-0.0576271913726757,0.2209019662756029,0.2209019662756029,0.053313855519651177,0.04054630262648953,0.0017787903497561992,0,180,-0.0008403527773856792,PASS
3030,Green,0.9,0.38,0.0481357898968281,0.0581986196345118,0.0100628297376837,0.3214817408485686,-0.0585182591514313,0.2242721863423228,0.2242721863423228,0.05915280672707037,0.04470780919998116,0.0019136143980194025,0,180,-0.0009541870925585741,PASS
3030,Neutral,0.1,0.5,0.0542405538906477,0.0473959601018453,-0.0068445937888024,0.3233288111763109,-0.176671188823689,0.6506189502140384,0.6506189502140384,0.054240553890647775,0.041437422936063395,0.002035836722215348,0,180,-0.006844593788802478,PASS
3030,Neutral,0.5,0.5,0.0542405538906477,0.0524735027422558,-0.0017670511483919,0.322372979902938,-0.1776270200970619,0.6542344078633693,0.6542344078633693,0.06007779057056217,0.04568492011359261,0.002005232043338009,0,180,-0.007604287828306376,PASS
3030,Neutral,0.9,0.5,0.0542405538906477,0.0581986196344917,0.0039580657438439,0.3214816635869366,-0.1785183364130633,0.6576059526872358,0.6576059526872358,0.06666004399159754,0.05037618624842298,0.0021572190882745805,0,180,-0.00846142435710584,PASS
3030,Brown,0.1,0.6200000000000001,0.0657103198295252,0.0473959601018855,-0.0183143597276397,0.3233290628952239,-0.2966709371047762,1.0172847506360896,1.0172847506360896,0.06571031982952527,0.05030150579239173,0.0024501717833510244,0,180,-0.01831435972763977,PASS
3030,Brown,0.5,0.6200000000000001,0.0657103198295252,0.0524735027422578,-0.0132368170872673,0.322373004197885,-0.297626995802115,1.0209008761412732,1.0209008761412732,0.07273554541537602,0.05541345018756386,0.002413336542831755,0,180,-0.020262042673118222,PASS
3030,Brown,0.9,0.6200000000000001,0.0657103198295252,0.0581986196345093,-0.0075117001950159,0.3214816823502264,-0.2985183176497736,1.0242724910028236,1.0242724910028236,0.08065741284712245,0.06105947988758461,0.002596254387241273,0,180,-0.022458793212613154,PASS
