seed,portfolio,state,c_ref,risk_ref_low,risk_opt,delta_risk,c_opt,delta_c,delta_x_l1,turnover
101,Green,0.1,0.38,0.04808130380194167,0.04734252917552366,-0.0007387746264180123,0.3233398586579642,-0.056660141342035786,0.21724380943519,0.21724380943519
101,Green,0.5,0.38,0.04808130380194167,0.05237588213017094,0.0042945783282292704,0.32238968440985405,-0.057610315590145955,0.22083805748538873,0.22083805748538873
101,Green,0.9,0.38,0.04808130380194167,0.058032429657378634,0.009951125855436962,0.32150531970862867,-0.05849468029137134,0.22418296791559314,0.22418296791559314
101,Neutral,0.1,0.5,0.05417913168112459,0.04734252917555815,-0.00683660250556644,0.3233398445651878,-0.17666015543481223,0.6505773177765846,0.6505773177765846
101,Neutral,0.5,0.5,0.05417913168112459,0.05237588213017054,-0.001803249550954053,0.3223897428406979,-0.17761025715930212,0.6541710198617903,0.6541710198617903
101,Neutral,0.9,0.5,0.05417913168112459,0.05803242965735238,0.0038532979762277847,0.32150519959151996,-0.17849480040848004,0.6575170112896731,0.6575170112896731
101,Brown,0.1,0.6200000000000001,0.06563639702982266,0.04734252917551893,-0.01829386785430373,0.3233398628192429,-0.29666013718075723,1.017243887790237,1.017243887790237
101,Brown,0.5,0.6200000000000001,0.06563639702982266,0.052375882130209654,-0.013260514899613003,0.3223897599264551,-0.29761024007354503,1.0208374507066997,1.0208374507066997
101,Brown,0.9,0.6200000000000001,0.06563639702982266,0.058032429657365034,-0.0076039673724576234,0.3215052244011758,-0.2984947755988243,1.024183630816815,1.024183630816815
202,Green,0.1,0.38,0.04815769495431313,0.04741744093302651,-0.000740254021286621,0.3233242297938301,-0.05667577020616993,0.2173026557488886,0.2173026557488886
202,Green,0.5,0.38,0.04815769495431313,0.05251495419619777,0.0043572592418846395,0.3223659614328071,-0.0576340385671929,0.22092754185943347,0.22092754185943347
202,Green,0.9,0.38,0.04815769495431313,0.058275894297308575,0.010118199342995446,0.3214708876307586,-0.05852911236924141,0.224313143751577,0.224313143751577
202,Neutral,0.1,0.5,0.05426524747592462,0.04741744093301577,-0.006847806542908855,0.3233243791247386,-0.1766756208752614,0.6506356652927374,0.6506356652927374
202,Neutral,0.5,0.5,0.05426524747592462,0.05251495419618063,-0.0017502932797439918,0.32236589842651886,-0.17763410157348114,0.6542611838038852,0.6542611838038852
202,Neutral,0.9,0.5,0.05426524747592462,0.058275894297290576,0.004010646821365954,0.3214707392434508,-0.17852926075654918,0.6576472983190829,0.6576472983190829
202,Brown,0.1,0.6200000000000001,0.06574003902999467,0.047417440933044216,-0.018322598096950457,0.32332438136898334,-0.29667561863101677,1.0173023725749246,1.0173023725749246
202,Brown,0.5,0.6200000000000001,0.06574003902999467,0.05251495419619466,-0.013225084833800013,0.3223657909182682,-0.2976342090817319,1.0209283037251233,1.0209283037251233
202,Brown,0.9,0.6200000000000001,0.06574003902999467,0.058275894297303864,-0.00746414473269081,0.32147075896199967,-0.29852924103800044,1.0243138463346018,1.0243138463346018
303,Green,0.1,0.38,0.04810934577411746,0.04737002809895087,-0.0007393176751665925,0.3233340516746235,-0.056665948325376525,0.2172659398031587,0.2172659398031587
303,Green,0.5,0.38,0.04810934577411746,0.05241817516416518,0.0043088293900477165,0.3223824516619949,-0.05761754833800509,0.22086533099351358,0.22086533099351358
303,Green,0.9,0.38,0.04810934577411746,0.058093984952043695,0.009984639177926233,0.3214965934984909,-0.05850340650150909,0.22421594824489788,0.22421594824489788
303,Neutral,0.1,0.5,0.05421074341424573,0.04737002809895717,-0.006840715315288556,0.3233342006582046,-0.17666579934179538,0.6505984147465861,0.6505984147465861
303,Neutral,0.5,0.5,0.05421074341424573,0.05241817516416784,-0.0017925682500778833,0.3223824951161218,-0.17761750488387817,0.6541982725251283,0.6541982725251283
303,Neutral,0.9,0.5,0.05421074341424573,0.05809398495203882,0.0038832415377930904,0.32149638917680423,-0.17850361082319577,0.6575507220467177,0.6575507220467177
303,Brown,0.1,0.6200000000000001,0.0656744423530695,0.04737002809895139,-0.018304414254118113,0.32333417748741344,-0.29666582251258666,1.0172651284623213,1.0172651284623213
303,Brown,0.5,0.6200000000000001,0.0656744423530695,0.052418175164174255,-0.013256267188895249,0.32238245828184,-0.29761754171816013,1.0208653738796414,1.0208653738796414
303,Brown,0.9,0.6200000000000001,0.0656744423530695,0.058093984952014024,-0.007580457401055479,0.3214964866808346,-0.2985035133191655,1.0242165883137297,1.0242165883137297
404,Green,0.1,0.38,0.04823806630910797,0.047496255687111515,-0.0007418106219964568,0.32330814921292594,-0.05669185078707406,0.21736375380706113,0.21736375380706113
404,Green,0.5,0.38,0.04823806630910797,0.05263062024990609,0.00439255394079812,0.3223461710275653,-0.057653828972434706,0.2210024565240769,0.2210024565240769
404,Green,0.9,0.38,0.04823806630910797,0.05843124848937044,0.010193182180262467,0.3214486329831503,-0.05855136701684971,0.2243978429455129,0.2243978429455129
404,Neutral,0.1,0.5,0.05435585015545709,0.047496255687077035,-0.006859594468380054,0.323308119681906,-0.17669188031809402,0.6506971655381335,0.6506971655381335
404,Neutral,0.5,0.5,0.05435585015545709,0.05263062024990764,-0.0017252299055494497,0.32234614981396237,-0.17765385018603763,0.6543358620599689,0.6543358620599689
404,Neutral,0.9,0.5,0.05435585015545709,0.05843124848934074,0.004075398333883651,0.32144890987680913,-0.17855109012319087,0.6577297836494906,0.6577297836494906
404,Brown,0.1,0.6200000000000001,0.06584908108144714,0.047496255687073066,-0.018352825394374078,0.32330812258852787,-0.29669187741147224,1.01736382829532,1.01736382829532
404,Brown,0.5,0.6200000000000001,0.06584908108144714,0.05263062024991594,-0.013218460831531206,0.3223461578591137,-0.2976538421408864,1.0210024319411457,1.0210024319411457
404,Brown,0.9,0.6200000000000001,0.06584908108144714,0.05843124848934554,-0.007417832592101603,0.3214488920104034,-0.2985511079895967,1.024396722010848,1.024396722010848
505,Green,0.1,0.38,0.048192775447467744,0.04745184201674178,-0.000740933430725961,0.32331728047316166,-0.05668271952683834,0.2173292861636445,0.2173292861636445
505,Green,0.5,0.38,0.048192775447467744,0.05253908020794164,0.004346304760473894,0.32236151695139187,-0.057638483048608136,0.22094477049300823,0.22094477049300823
505,Green,0.9,0.38,0.048192775447467744,0.05826153614252225,0.010068760695054503,0.32147291943765577,-0.058527080562344236,0.22430544417655063,0.22430544417655063
505,Neutral,0.1,0.5,0.05430479373824159,0.04745184201675994,-0.006852951721481648,0.3233172521278357,-0.17668274787216431,0.6506627655491841,0.6506627655491841
505,Neutral,0.5,0.5,0.05430479373824159,0.052539080207910774,-0.001765713530330816,0.32236173590644895,-0.17763826409355105,0.6542770057590227,0.6542770057590227
505,Neutral,0.9,0.5,0.05430479373824159,0.05826153614255535,0.003956742404313762,0.3214727606636422,-0.17852723933635778,0.6576396700977449,0.6576396700977449
505,Brown,0.1,0.6200000000000001,0.06578763371033144,0.047451842016762266,-0.01833579169356918,0.3233171904949086,-0.2966828095050915,1.0173295243759162,1.0173295243759162
505,Brown,0.5,0.6200000000000001,0.06578763371033144,0.05253908020792501,-0.013248553502406432,0.3223617698051563,-0.2976382301948438,1.0209434154910395,1.0209434154910395
505,Brown,0.9,0.6200000000000001,0.06578763371033144,0.05826153614248786,-0.007526097567843587,0.3214727904676223,-0.2985272095323778,1.0243061104735842,1.0243061104735842
606,Green,0.1,0.38,0.048187879815617694,0.04744704120082663,-0.0007408386147910659,0.3233182765782119,-0.05668172342178812,0.21732558317145523,0.21732558317145523
606,Green,0.5,0.38,0.048187879815617694,0.05256040960800126,0.0043725297923835685,0.32235812764678007,-0.057641872353219936,0.2209572460955631,0.2209572460955631
606,Green,0.9,0.38,0.048187879815617694,0.05834318196573963,0.010155302150121934,0.32146104986315727,-0.05853895013684274,0.2243508441872183,0.2243508441872183
606,Neutral,0.1,0.5,0.054299274889329806,0.047447041200831916,-0.00685223368849789,0.32331829460090006,-0.17668170539909994,0.6506585295324832,0.6506585295324832
606,Neutral,0.5,0.5,0.054299274889329806,0.05256040960800152,-0.0017388652813282862,0.32235812655133855,-0.17764187344866145,0.6542908003933781,0.6542908003933781
606,Neutral,0.9,0.5,0.054299274889329806,0.05834318196571105,0.004043907076381241,0.32146129720061084,-0.17853870279938916,0.6576829238640923,0.6576829238640923
606,Brown,0.1,0.6200000000000001,0.06578099167049602,0.0474470412008831,-0.01833395046961292,0.3233182980578496,-0.2966817019421505,1.0173250753001775,1.0173250753001775
606,Brown,0.5,0.6200000000000001,0.06578099167049602,0.05256040960800516,-0.013220582062490854,0.32235810582274665,-0.29764189417725345,1.0209573689928475,1.0209573689928475
606,Brown,0.9,0.6200000000000001,0.06578099167049602,0.058343181965719845,-0.0074378097047761715,0.32146125785015045,-0.29853874214984966,1.0243497102624688,1.0243497102624688
707,Green,0.1,0.38,0.04818085172458316,0.0474401492252115,-0.0007407024993716579,0.3233196904683716,-0.05668030953162839,0.2173201596814895,0.2173201596814895
707,Green,0.5,0.38,0.04818085172458316,0.05252808463800887,0.0043472329134257096,0.32236373361874293,-0.05763626638125707,0.22093594753583573,0.22093594753583573
707,Green,0.9,0.38,0.04818085172458316,0.05826021384146457,0.010079362116881409,0.3214727664391309,-0.058527233560869085,0.22430649413355863,0.22430649413355863
707,Neutral,0.1,0.5,0.05429135211782242,0.04744014922522318,-0.006851202892599238,0.32331973383669704,-0.17668026616330296,0.6506528754141185,0.6506528754141185
707,Neutral,0.5,0.5,0.05429135211782242,0.05252808463803304,-0.0017632674797893808,0.32236364705320264,-0.17763635294679736,0.6542696773961323,0.6542696773961323
707,Neutral,0.9,0.5,0.05429135211782242,0.0582602138414555,0.003968861723633081,0.32147303583713244,-0.17852696416286756,0.6576383550454952,0.6576383550454952
707,Brown,0.1,0.6200000000000001,0.06577145646400175,0.047440149225241646,-0.0183313072387601,0.3233197309772096,-0.2966802690227905,1.0173200130593525,1.0173200130593525
707,Brown,0.5,0.6200000000000001,0.06577145646400175,0.05252808463801028,-0.013243371825991467,0.3223636803866369,-0.29763631961336323,1.020936327106348,1.020936327106348
707,Brown,0.9,0.6200000000000001,0.06577145646400175,0.058260213841475575,-0.007511242622526171,0.3214729463169898,-0.2985270536830103,1.0243054553678919,1.0243054553678919
808,Green,0.1,0.38,0.048093225957903496,0.04735422045407626,-0.0007390055038272378,0.32333743664896264,-0.056662563351037365,0.21725297295540005,0.21725297295540005
808,Green,0.5,0.38,0.048093225957903496,0.052389748930167714,0.004296522972264218,0.3223872996166154,-0.05761270038338462,0.22084700626963352,0.22084700626963352
808,Green,0.9,0.38,0.048093225957903496,0.05804755335092485,0.009954327393021357,0.32150316439354915,-0.05849683560645086,0.22419113051907086,0.22419113051907086
808,Neutral,0.1,0.5,0.05419257153514399,0.04735422045405919,-0.006838351081084798,0.32333743919773883,-0.17666256080226117,0.6505863389888545,0.6505863389888545
808,Neutral,0.5,0.5,0.05419257153514399,0.05238974893019464,-0.0018028226049493432,0.3223873864372526,-0.17761261356274738,0.6541798598456912,0.6541798598456912
808,Neutral,0.9,0.5,0.05419257153514399,0.0580475533509294,0.003854981815785412,0.32150305465035456,-0.17849694534964544,0.6575251028580842,0.6575251028580842
808,Brown,0.1,0.6200000000000001,0.06565257215026472,0.047354220454061305,-0.01829835169620342,0.3233374646701882,-0.2966625353298119,1.0172527371907716,1.0172527371907716
808,Brown,0.5,0.6200000000000001,0.06565257215026472,0.052389748930181244,-0.01326282322008348,0.3223874471517226,-0.29761255284827753,1.0208463927774662,1.0208463927774662
808,Brown,0.9,0.6200000000000001,0.06565257215026472,0.058047553350914646,-0.007605018799350077,0.3215030272989894,-0.2984969727010107,1.0241920247507248,1.0241920247507248
909,Green,0.1,0.38,0.048197639685615315,0.04745661204651061,-0.0007410276391047049,0.3233162853447469,-0.056683714655253126,0.2173329036746241,0.2173329036746241
909,Green,0.5,0.38,0.048197639685615315,0.05254150526898719,0.004343865583371874,0.3223611073755721,-0.057638892624427895,0.22094632458485972,0.22094632458485972
909,Green,0.9,0.38,0.048197639685615315,0.0582577475772292,0.010060107891613886,0.3214734555908858,-0.0585265444091142,0.22430341373987084,0.22430341373987084
909,Neutral,0.1,0.5,0.05431027719700879,0.04745661204653789,-0.0068536651504709015,0.3233162994518351,-0.1766837005481649,0.6506662438624731,0.6506662438624731
909,Neutral,0.5,0.5,0.05431027719700879,0.05254150526898135,-0.001768771928027435,0.32236132685574725,-0.17763867314425275,0.6542786054589051,0.6542786054589051
909,Neutral,0.9,0.5,0.05431027719700879,0.058257747577208786,0.003947470380199998,0.32147332911004856,-0.17852667088995144,0.6576374105821206,0.6576374105821206
909,Brown,0.1,0.6200000000000001,0.06579423315745722,0.04745661204650885,-0.018337621110948374,0.32331624587233876,-0.29668375412766135,1.0173331704254,1.0173331704254
909,Brown,0.5,0.6200000000000001,0.06579423315745722,0.052541505268966546,-0.013252727888490676,0.32236136667852194,-0.29763863332147816,1.0209450865141902,1.0209450865141902
909,Brown,0.9,0.6200000000000001,0.06579423315745722,0.058257747577199405,-0.0075364855802578165,0.32147329265268376,-0.29852670734731634,1.024304355754684,1.024304355754684
1010,Green,0.1,0.38,0.048160068041293386,0.04741976806084703,-0.0007402999804463559,0.32332377495295733,-0.05667622504704267,0.21730448419123852,0.21730448419123852
1010,Green,0.5,0.38,0.048160068041293386,0.05250967621183972,0.004349608170546332,0.3223668372711788,-0.057633162728821186,0.22092427616522023,0.22092427616522023
1010,Green,0.9,0.38,0.048160068041293386,0.05825112221592677,0.010091054174633386,0.32147436247996053,-0.058525637520039475,0.22430003111408442,0.22430003111408442
1010,Neutral,0.1,0.5,0.05426792265839145,0.04741976806082759,-0.006848154597563862,0.3233238922973377,-0.1766761077026623,0.6506375333806217,0.6506375333806217
1010,Neutral,0.5,0.5,0.05426792265839145,0.052509676211864656,-0.0017582464465267927,0.32236671422544116,-0.17763328577455884,0.6542583180342448,0.6542583180342448
1010,Neutral,0.9,0.5,0.05426792265839145,0.05825112221591232,0.0039831995575208695,0.32147428183810817,-0.17852571816189183,0.6576338965072837,0.6576338965072837
1010,Brown,0.1,0.6200000000000001,0.06574325866307498,0.047419768060833575,-0.018323490602241407,0.32332395523776813,-0.29667604476223197,1.017303601606211,1.017303601606211
1010,Brown,0.5,0.6200000000000001,0.06574325866307498,0.05250967621183284,-0.013233582451242142,0.32236675770538903,-0.2976332422946111,1.0209245997624194,1.0209245997624194
1010,Brown,0.9,0.6200000000000001,0.06574325866307498,0.05825112221590971,-0.0074921364471652735,0.3214742571003011,-0.298525742899699,1.0243005998908705,1.0243005998908705
1111,Green,0.1,0.38,0.048181967659295166,0.04744124354730368,-0.0007407241119914837,0.32331946421321356,-0.056680535786786446,0.21732101496908857,0.21732101496908857
1111,Green,0.5,0.38,0.048181967659295166,0.0525292355675035,0.004347267908208337,0.32236344966821073,-0.05763655033178927,0.22093715458169466,0.22093715458169466
1111,Green,0.9,0.38,0.048181967659295166,0.05825817907739634,0.010076211418101173,0.3214730101035273,-0.0585269898964727,0.22430561647589234,0.22430561647589234
1111,Neutral,0.1,0.5,0.05429261011173628,0.047441243547306514,-0.0068513665644297644,0.3233194376600272,-0.1766805623399728,0.6506544799851309,0.6506544799851309
1111,Neutral,0.5,0.5,0.05429261011173628,0.05252923556747989,-0.001763374544256388,0.3223634379204019,-0.1776365620795981,0.6542704290609911,0.6542704290609911
1111,Neutral,0.9,0.5,0.05429261011173628,0.058258179077385924,0.003965568965649646,0.32147323971560643,-0.17852676028439357,0.6576378432258772,0.6576378432258772
1111,Brown,0.1,0.6200000000000001,0.06577297048364966,0.047441243547334346,-0.018331726936315317,0.3233195842840899,-0.2966804157159102,1.0173201623445243,1.0173201623445243
1111,Brown,0.5,0.6200000000000001,0.06577297048364966,0.0525292355674752,-0.013243734916174463,0.3223634647245735,-0.2976365352754266,1.0209369296247406,1.0209369296247406
1111,Brown,0.9,0.6200000000000001,0.06577297048364966,0.05825817907737116,-0.007514791406278504,0.3214732866727945,-0.2985267133272056,1.0243044371153898,1.0243044371153898
1212,Green,0.1,0.38,0.04811409333711044,0.047374683721144666,-0.0007394096159657748,0.32333309751709305,-0.056666902482906956,0.21726919490817076,0.21726919490817076
1212,Green,0.5,0.38,0.04811409333711044,0.05244483840086644,0.0043307450637559974,0.32237795176881595,-0.05762204823118405,0.2208821822896045,0.2208821822896045
1212,Green,0.9,0.38,0.04811409333711044,0.05816384243970129,0.01004974910259085,0.32148651922686733,-0.058513480773132676,0.2242543297283413,0.2242543297283413
1212,Neutral,0.1,0.5,0.05421609534503692,0.04737468372113653,-0.006841411623900388,0.3233332296274301,-0.1766667703725699,0.65060208972494,0.65060208972494
1212,Neutral,0.5,0.5,0.05421609534503692,0.05244483840087116,-0.0017712569441657583,0.3223779460659242,-0.17762205393407582,0.6542155219347414,0.6542155219347414
1212,Neutral,0.9,0.5,0.05421609534503692,0.058163842439679855,0.003947747094642934,0.3214864826316014,-0.1785135173683986,0.6575878044740469,0.6575878044740469
1212,Brown,0.1,0.6200000000000001,0.0656808835037677,0.04737468372117182,-0.018306199782595886,0.3233331303110192,-0.2966668696889809,1.0172692231974492,1.0172692231974492
1212,Brown,0.5,0.6200000000000001,0.0656808835037677,0.052444838400838384,-0.01323604510292932,0.3223777967966498,-0.2976222032033503,1.0208825459036084,1.0208825459036084
1212,Brown,0.9,0.6200000000000001,0.0656808835037677,0.0581638424396863,-0.007517041064081402,0.3214866179797935,-0.2985133820202066,1.0242540380060836,1.0242540380060836
1313,Green,0.1,0.38,0.04824467209085845,0.04750273352499966,-0.0007419385658587879,0.32330671684028167,-0.05669328315971833,0.21736906712763523,0.21736906712763523
1313,Green,0.5,0.38,0.04824467209085845,0.052631843715140986,0.004387171624282538,0.32234593679626344,-0.05765406320373656,0.2210033593852252,0.2210033593852252
1313,Green,0.9,0.38,0.04824467209085845,0.05841808520996314,0.01017341311910469,0.32145085571852594,-0.058549144281474064,0.22438894806900633,0.22438894806900633
1313,Neutral,0.1,0.5,0.05436329685743893,0.04750273352499012,-0.006860563332448812,0.3233068641056718,-0.17669313589432822,0.6507015322360106,0.6507015322360106
1313,Neutral,0.5,0.5,0.05436329685743893,0.052631843715155745,-0.001731453142283186,0.3223459060352945,-0.1776540939647055,0.654337182639279,0.654337182639279
1313,Neutral,0.9,0.5,0.05436329685743893,0.05841808520994582,0.004054788352506888,0.3214507094020208,-0.1785492905979792,0.6577230821742632,0.6577230821742632
1313,Brown,0.1,0.6200000000000001,0.06585804332919677,0.047502733524992354,-0.01835530980420442,0.3233067745091399,-0.2966932254908602,1.0173688841811575,1.0173688841811575
1313,Brown,0.5,0.6200000000000001,0.06585804332919677,0.05263184371514411,-0.013226199614052664,0.3223459150213794,-0.2976540849786207,1.0210034641167773,1.0210034641167773
1313,Brown,0.9,0.6200000000000001,0.06585804332919677,0.05841808520994312,-0.007439958119253652,0.3214507579379884,-0.2985492420620117,1.0243894399196902,1.0243894399196902
1414,Green,0.1,0.38,0.04825412085475653,0.047511999279299846,-0.0007421215754566807,0.32330489849798316,-0.05669510150201684,0.2173762227043184,0.2173762227043184
1414,Green,0.5,0.38,0.04825412085475653,0.05266755980618833,0.0044134389514318,0.3223398395318405,-0.05766016046815953,0.22102644828322993,0.22102644828322993
1414,Green,0.9,0.38,0.04825412085475653,0.0585077748022256,0.01025365394746907,0.32143843036253794,-0.05856156963746206,0.22443571597228112,0.22443571597228112
1414,Neutral,0.1,0.5,0.054373948455008966,0.047511999279289174,-0.006861949175719792,0.32330488557320164,-0.17669511442679836,0.6507093808634995,0.6507093808634995
1414,Neutral,0.5,0.5,0.054373948455008966,0.052667559806182845,-0.001706388648826121,0.32233988261093244,-0.17766011738906756,0.6543595070489512,0.6543595070489512
1414,Neutral,0.9,0.5,0.054373948455008966,0.05850777480218536,0.004133826347176392,0.3214381641772083,-0.17856183582279173,0.6577705282686913,0.6577705282686913
1414,Brown,0.1,0.6200000000000001,0.06587086272986212,0.04751199927930315,-0.018358863450558968,0.3233048882790358,-0.2966951117209643,1.0173761276428128,1.0173761276428128
1414,Brown,0.5,0.6200000000000001,0.06587086272986212,0.05266755980620474,-0.01320330292365738,0.32233976010529963,-0.2976602398947005,1.0210266292476744,1.0210266292476744
1414,Brown,0.9,0.6200000000000001,0.06587086272986212,0.05850777480220632,-0.007363087927655797,0.32143805716924545,-0.29856194283075466,1.024437589193833,1.024437589193833
1515,Green,0.1,0.38,0.04825143838313195,0.047509368763645594,-0.000742069619486356,0.32330536051989567,-0.056694639480104336,0.21737424101490238,0.21737424101490238
1515,Green,0.5,0.38,0.04825143838313195,0.05264862289880158,0.00439718451566963,0.3223430114884333,-0.0576569885115667,0.2210145250493129,0.2210145250493129
1515,Green,0.9,0.38,0.04825143838313195,0.058457785974970894,0.010206347591838943,0.321445022476754,-0.05855497752324601,0.22441138578045483,0.22441138578045483
1515,Neutral,0.1,0.5,0.054370924503035656,0.047509368763676466,-0.00686155573935919,0.3233053778932989,-0.17669462210670112,0.6507079258412224,0.6507079258412224
1515,Neutral,0.5,0.5,0.054370924503035656,0.05264862289881989,-0.0017223016042157632,0.32234303191232516,-0.17765696808767484,0.6543478540206321,0.6543478540206321
1515,Neutral,0.9,0.5,0.054370924503035656,0.058457785974957904,0.0040868614719222485,0.3214451554830225,-0.1785548445169775,0.6577440951065422,0.6577440951065422
1515,Brown,0.1,0.6200000000000001,0.06586722334603479,0.047509368763657044,-0.018357854582377743,0.32330544122808313,-0.29669455877191697,1.017373885961065,1.017373885961065
1515,Brown,0.5,0.6200000000000001,0.06586722334603479,0.052648622898838544,-0.013218600447196242,0.3223431286777355,-0.2976568713222646,1.0210142268159497,1.0210142268159497
1515,Brown,0.9,0.6200000000000001,0.06586722334603479,0.05845778597495101,-0.00740943737108378,0.3214451670640633,-0.2985548329359368,1.0244107225822154,1.0244107225822154
1616,Green,0.1,0.38,0.048107861991623,0.047368573051175145,-0.0007392889404478561,0.3233345463471785,-0.056665453652821496,0.21726395906221518,0.21726395906221518
1616,Green,0.5,0.38,0.048107861991623,0.05241515417769074,0.004307292186067742,0.3223829711070425,-0.0576170288929575,0.22086336463697095,0.22086336463697095
1616,Green,0.9,0.38,0.048107861991623,0.05808966982829824,0.009981807836675238,0.32149718605996525,-0.05850281394003476,0.22421374123328106,0.22421374123328106
1616,Neutral,0.1,0.5,0.0542090707452952,0.04736857305114637,-0.00684049769414883,0.32333447417204214,-0.17666552582795786,0.6505974827418097,0.6505974827418097
1616,Neutral,0.5,0.5,0.0542090707452952,0.05241515417769234,-0.0017939165676028601,0.3223830118187555,-0.1776169881812445,0.6541963443338621,0.6541963443338621
1616,Neutral,0.9,0.5,0.0542090707452952,0.05808966982827185,0.003880599082976652,0.3214971021120199,-0.17850289788798013,0.6575475487105388,0.6575475487105388
1616,Brown,0.1,0.6200000000000001,0.06567242926410713,0.04736857305117328,-0.01830385621293385,0.3233344708563689,-0.2966655291436312,1.0172644022954183,1.0172644022954183
1616,Brown,0.5,0.6200000000000001,0.06567242926410713,0.05241515417770558,-0.013257275086401552,0.3223829743204153,-0.2976170256795848,1.0208634448889904,1.0208634448889904
1616,Brown,0.9,0.6200000000000001,0.06567242926410713,0.05808966982828131,-0.007582759435825821,0.32149706807443446,-0.29850293192556565,1.024214452362231,1.024214452362231
1717,Green,0.1,0.38,0.0481262499188896,0.047386604877800956,-0.0007396450410886435,0.32333083122656436,-0.05666916877343564,0.21727803265778894,0.21727803265778894
1717,Green,0.5,0.38,0.0481262499188896,0.05244390857684437,0.004317658657954769,0.32237802777594593,-0.057621972224054074,0.2208820425558194,0.2208820425558194
1717,Green,0.9,0.38,0.0481262499188896,0.058132331293261,0.010006081374371402,0.3214911509963696,-0.0585088490036304,0.22423654380664976,0.22423654380664976
1717,Neutral,0.1,0.5,0.05422979946743296,0.047386604877799804,-0.006843194589633159,0.3233308048415884,-0.17666919515841162,0.6506108791164378,0.6506108791164378
1717,Neutral,0.5,0.5,0.05422979946743296,0.0524439085768348,-0.001785890890598163,0.32237801964949686,-0.17762198035050314,0.6542156334926881,0.6542156334926881
1717,Neutral,0.9,0.5,0.05422979946743296,0.058132331293226605,0.0039025318257936426,0.32149107614682687,-0.17850892385317313,0.65757030779964,0.65757030779964
1717,Brown,0.1,0.6200000000000001,0.06569737667623313,0.047386604877778356,-0.01831077179845477,0.32333073749029556,-0.29666926250970455,1.01727844509743,1.01727844509743
1717,Brown,0.5,0.6200000000000001,0.06569737667623313,0.05244390857686021,-0.013253468099372917,0.3223780631989376,-0.2976219368010625,1.0208818403917406,1.0208818403917406
1717,Brown,0.9,0.6200000000000001,0.06569737667623313,0.05813233129323308,-0.007565045383000048,0.3214910492573023,-0.2985089507426978,1.0242371550705334,1.0242371550705334
1818,Green,0.1,0.38,0.048330861568623956,0.04758725356582626,-0.0007436080027976993,0.32328943402936744,-0.056710565970632565,0.21743461180129683,0.21743461180129683
1818,Green,0.5,0.38,0.048330861568623956,0.052764525332871834,0.004433663764247878,0.32232324031681836,-0.057676759683181644,0.22108941264815662,0.22108941264815662
1818,Green,0.9,0.38,0.048330861568623956,0.05861667273173765,0.010285811163113695,0.32142318671249737,-0.05857681328750264,0.2244934280548809,0.2244934280548809
1818,Neutral,0.1,0.5,0.05446045831070796,0.04758725356586305,-0.006873204744844916,0.32328937864492174,-0.17671062135507826,0.6507679704598297,0.6507679704598297
1818,Neutral,0.5,0.5,0.05446045831070796,0.05276452533291004,-0.0016959329777979232,0.32232332739164565,-0.17767667260835435,0.6544224101934317,0.6544224101934317
1818,Neutral,0.9,0.5,0.05446045831070796,0.05861667273170832,0.004156214421000358,0.32142296230101963,-0.17857703769898037,0.6578279614110929,0.6578279614110929
1818,Brown,0.1,0.6200000000000001,0.06597497898983408,0.047587253565828325,-0.018387725424005755,0.3232894410845121,-0.29671055891548803,1.0174343693631398,1.0174343693631398
1818,Brown,0.5,0.6200000000000001,0.06597497898983408,0.05276452533287884,-0.013210453656955237,0.32232327555015255,-0.29767672444984755,1.0210889221403046,1.0210889221403046
1818,Brown,0.9,0.6200000000000001,0.06597497898983408,0.058616672731712935,-0.0073583062581211445,0.3214229453629162,-0.2985770546370839,1.0244947242152784,1.0244947242152784
1919,Green,0.1,0.38,0.04816451173818488,0.0474241256970851,-0.000740386041099779,0.32332300500141625,-0.05667699499858375,0.21730752316054497,0.21730752316054497
1919,Green,0.5,0.38,0.04816451173818488,0.05250493131767103,0.004340419579486152,0.3223676243379372,-0.05763237566206281,0.22092131392868616,0.22092131392868616
1919,Green,0.9,0.38,0.04816451173818488,0.058225939158702764,0.010061427420517882,0.321477583688247,-0.05852241631175298,0.2242882940019797,0.2242882940019797
1919,Neutral,0.1,0.5,0.05427293204073137,0.04742412569708655,-0.00684880634364482,0.3233230601950646,-0.17667693980493537,0.6506403619106287,0.6506403619106287
1919,Neutral,0.5,0.5,0.05427293204073137,0.05250493131765427,-0.0017680007230771039,0.32236760167319756,-0.17763239832680244,0.6542547457892434,0.6542547457892434
1919,Neutral,0.9,0.5,0.05427293204073137,0.05822593915868787,0.0039530071179565,0.32147783354368287,-0.17852216645631713,0.6576202909974906,0.6576202909974906
1919,Brown,0.1,0.6200000000000001,0.0657492875501863,0.04742412569709148,-0.018325161853094823,0.3233228532309904,-0.2966771467690097,1.0173084967251875,1.0173084967251875
1919,Brown,0.5,0.6200000000000001,0.0657492875501863,0.05250493131764754,-0.013244356232538765,0.32236762230965477,-0.29763237769034534,1.0209212190602481,1.0209212190602481
1919,Brown,0.9,0.6200000000000001,0.0657492875501863,0.05822593915869441,-0.007523348391491894,0.32147783674393327,-0.29852216325606684,1.0242872162120866,1.0242872162120866
2020,Green,0.1,0.38,0.04818962606594647,0.047448753630786863,-0.0007408724351596063,0.3233177755696043,-0.05668222443039572,0.21732718415508906,0.21732718415508906
2020,Green,0.5,0.38,0.04818962606594647,0.052554162917800684,0.004364536851854214,0.32235918055440016,-0.057640819445599845,0.22095329985075565,0.22095329985075565
2020,Green,0.9,0.38,0.04818962606594647,0.058318958961672156,0.010129332895725686,0.3214648676529873,-0.058535132347012686,0.22433582659481816,0.22433582659481816
2020,Neutral,0.1,0.5,0.05430124343843904,0.04744875363080987,-0.006852489807629168,0.32331789873939065,-0.17668210126060935,0.6506602329826687,0.6506602329826687
2020,Neutral,0.5,0.5,0.05430124343843904,0.052554162917811266,-0.001747080520627775,0.32235918616059067,-0.17764081383940933,0.6542864700882639,0.6542864700882639
2020,Neutral,0.9,0.5,0.05430124343843904,0.05831895896163461,0.004017715523195568,0.3214646497165117,-0.17853535028348833,0.6576704166586553,0.6576704166586553
2020,Brown,0.1,0.6200000000000001,0.06578336085686536,0.04744875363080447,-0.018334607226060888,0.3233179040754691,-0.296682095924531,1.0173270418375997,1.0173270418375997
2020,Brown,0.5,0.6200000000000001,0.06578336085686536,0.052554162917804695,-0.01322919793906066,0.32235911244014614,-0.29764088755985396,1.0209534936095497,1.0209534936095497
2020,Brown,0.9,0.6200000000000001,0.06578336085686536,0.05831895896165005,-0.007464401895215307,0.32146477044660077,-0.29853522955339934,1.0243362419357593,1.0243362419357593
2121,Green,0.1,0.38,0.04812412318749189,0.04738451933302771,-0.0007396038544641784,0.323331251241636,-0.05666874875836403,0.21727643000991942,0.21727643000991942
2121,Green,0.5,0.38,0.04812412318749189,0.05244252632409943,0.004318403136607543,0.3223782684544759,-0.05762173154552408,0.22088116158429588,0.22088116158429588
2121,Green,0.9,0.38,0.04812412318749189,0.05813217019332994,0.010008047005838051,0.32149117327077126,-0.05850882672922875,0.22423646050374674,0.22423646050374674
2121,Neutral,0.1,0.5,0.0542274020017693,0.04738451933300088,-0.006842882668768424,0.3233311807859096,-0.1766688192140904,0.6506099284628348,0.6506099284628348
2121,Neutral,0.5,0.5,0.0542274020017693,0.05244252632410028,-0.0017848756776690233,0.32237831136516343,-0.17762168863483657,0.654214134312394,0.654214134312394
2121,Neutral,0.9,0.5,0.0542274020017693,0.05813217019331436,0.0039047681915450605,0.32149104433990655,-0.17850895566009345,0.6575705298115286,0.6575705298115286
2121,Brown,0.1,0.6200000000000001,0.06569449128062049,0.04738451933302368,-0.018309971947596815,0.3233309948208176,-0.2966690051791825,1.0172777667889044,1.0172777667889044
2121,Brown,0.5,0.6200000000000001,0.06569449128062049,0.05244252632411264,-0.01325196495650785,0.3223782996855001,-0.2976217003145,1.020880947130502,1.020880947130502
2121,Brown,0.9,0.6200000000000001,0.06569449128062049,0.05813217019331668,-0.007562321087303814,0.3214909353895572,-0.2985090646104429,1.0242374446234306,1.0242374446234306
2222,Green,0.1,0.38,0.048194341075389106,0.0474533773223641,-0.0007409637530250077,0.32331678024375954,-0.056683219756240466,0.21733081171952,0.21733081171952
2222,Green,0.5,0.38,0.048194341075389106,0.05255138853118217,0.004357047455793066,0.32235973348726843,-0.057640266512731575,0.22095109175842909,0.22095109175842909
2222,Green,0.9,0.38,0.048194341075389106,0.058294043732423376,0.01009970265703427,0.32146793532230966,-0.05853206467769034,0.2243248294669085,0.2243248294669085
2222,Neutral,0.1,0.5,0.054306558671592293,0.04745337732237789,-0.0068531813492144,0.3233169708451553,-0.17668302915484468,0.6506636512172878,0.6506636512172878
2222,Neutral,0.5,0.5,0.054306558671592293,0.052551388531177794,-0.0017551701404144998,0.32235963065039475,-0.17764036934960525,0.6542850574794649,0.6542850574794649
2222,Neutral,0.9,0.5,0.054306558671592293,0.0582940437324082,0.003987485060815907,0.3214681772694365,-0.1785318227305635,0.6576570000188128,0.6576570000188128
2222,Brown,0.1,0.6200000000000001,0.0657897578412567,0.04745337732239078,-0.018336380518865915,0.32331700241877737,-0.29668299758122274,1.0173297472010865,1.0173297472010865
2222,Brown,0.5,0.6200000000000001,0.0657897578412567,0.05255138853119008,-0.013238369310066611,0.32235963227957937,-0.29764036772042074,1.02095170276094,1.02095170276094
2222,Brown,0.9,0.6200000000000001,0.0657897578412567,0.058294043732416596,-0.007495714108840097,0.3214681756373132,-0.2985318243626869,1.024323507350387,1.024323507350387
2323,Green,0.1,0.38,0.048099383840306674,0.047360259085483705,-0.0007391247548229687,0.32333621290055103,-0.05666378709944897,0.2172575892599911,0.2172575892599911
2323,Green,0.5,0.38,0.048099383840306674,0.052403457931497935,0.004304074091191261,0.3223849711878798,-0.05761502881212022,0.220855820784005,0.220855820784005
2323,Green,0.9,0.38,0.048099383840306674,0.05807609506839934,0.009976711228092669,0.3214991048125122,-0.0585008951874878,0.2242064971463307,0.2242064971463307
2323,Neutral,0.1,0.5,0.05419951331990769,0.04736025908546967,-0.0068392542344380206,0.32333620784381745,-0.17666379215618255,0.6505908648429036,0.6505908648429036
2323,Neutral,0.5,0.5,0.05419951331990769,0.05240345793150261,-0.0017960553884050767,0.3223850087300968,-0.1776149912699032,0.6541888612823596,0.6541888612823596
2323,Neutral,0.9,0.5,0.05419951331990769,0.05807609506837515,0.0038765817484674586,0.3214990273900642,-0.1785009726099358,0.6575402701423023,0.6575402701423023
2323,Brown,0.1,0.6200000000000001,0.0656609267205127,0.04736025908544876,-0.01830066763506394,0.323336200259217,-0.2966637997407831,1.0172575510830637,1.0172575510830637
2323,Brown,0.5,0.6200000000000001,0.0656609267205127,0.052403457931503736,-0.013257468789008964,0.3223850068968378,-0.2976149931031623,1.0208554556151732,1.0208554556151732
2323,Brown,0.9,0.6200000000000001,0.0656609267205127,0.05807609506837517,-0.007584831652137532,0.3214990575174067,-0.2985009424825934,1.0242068615606246,1.0242068615606246
2424,Green,0.1,0.38,0.04828870910271603,0.04754591758545067,-0.0007427915172653621,0.32329787121621084,-0.05670212878378916,0.21740266027311422,0.21740266027311422
2424,Green,0.5,0.38,0.04828870910271603,0.05276663115292044,0.004477922050204412,0.32232307818908246,-0.05767692181091755,0.22108967665069182,0.22108967665069182
2424,Green,0.9,0.38,0.04828870910271603,0.058751713650988316,0.010463004548272287,0.3214044098933182,-0.058595590106681805,0.22456498454584314,0.22456498454584314
2424,Neutral,0.1,0.5,0.054412939808998646,0.04754591758542653,-0.0068670222235721196,0.3232978517394474,-0.17670214826055258,0.6507363359653824,0.6507363359653824
2424,Neutral,0.5,0.5,0.054412939808998646,0.052766631152920754,-0.0016463086560778925,0.32232298591136493,-0.17767701408863507,0.6544235904211306,0.6544235904211306
2424,Neutral,0.9,0.5,0.054412939808998646,0.05875171365095413,0.004338773841955482,0.32140419806584397,-0.17859580193415603,0.6578988054357237,0.6578988054357237
2424,Brown,0.1,0.6200000000000001,0.0659177895674553,0.04754591758540894,-0.01837187198204636,0.3232979042850053,-0.2967020957149948,1.0174024724430706,1.0174024724430706
2424,Brown,0.5,0.6200000000000001,0.0659177895674553,0.05276663115292403,-0.013151158414531267,0.3223229717984186,-0.2976770282015815,1.021090379439609,1.021090379439609
2424,Brown,0.9,0.6200000000000001,0.0659177895674553,0.0587517136509555,-0.007166075916499794,0.32140407210522154,-0.29859592789477857,1.0245659836082315,1.0245659836082315
2525,Green,0.1,0.38,0.04819394994975275,0.04745299377184209,-0.0007409561779106594,0.3233170374868156,-0.05668296251318439,0.21733015440342643,0.21733015440342643
2525,Green,0.5,0.38,0.04819394994975275,0.05256524373029261,0.00437129378053986,0.32235729811574254,-0.05764270188425746,0.22096039212332402,0.22096039212332402
2525,Green,0.9,0.38,0.04819394994975275,0.058336183540526575,0.010142233590773826,0.32146241690621535,-0.05853758309378465,0.22434514518762855,0.22434514518762855
2525,Neutral,0.1,0.5,0.054306117755412095,0.047452993771821744,-0.006853123983590351,0.3233170417951889,-0.1766829582048111,0.6506634015035978,0.6506634015035978
2525,Neutral,0.5,0.5,0.054306117755412095,0.05256524373032653,-0.001740874025085562,0.32235730233293547,-0.17764269766706453,0.6542935048509557,0.6542935048509557
2525,Neutral,0.9,0.5,0.054306117755412095,0.05833618354050135,0.004030065785089257,0.3214622578574239,-0.17853774214257612,0.6576793443878586,0.6576793443878586
2525,Brown,0.1,0.6200000000000001,0.06578922719023202,0.047452993771844226,-0.01833623341838779,0.3233170703175061,-0.296682929682494,1.0173296171529853,1.0173296171529853
2525,Brown,0.5,0.6200000000000001,0.06578922719023202,0.0525652437303139,-0.013223983459918119,0.32235738966989036,-0.29764261033010975,1.0209603573326582,1.0209603573326582
2525,Brown,0.9,0.6200000000000001,0.06578922719023202,0.05833618354053144,-0.0074530436497005775,0.32146228202624977,-0.29853771797375034,1.0243457301243213,1.0243457301243213
2626,Green,0.1,0.38,0.04823968616710863,0.04749784417099798,-0.0007418419961106523,0.3233077340172621,-0.05669226598273791,0.2173651979090402,0.2173651979090402
2626,Green,0.5,0.38,0.04823968616710863,0.05261819211524065,0.004378505948132022,0.32234827229202356,-0.05765172770797644,0.22099453142897452,0.22099453142897452
2626,Green,0.9,0.38,0.04823968616710863,0.05838886195560469,0.010149175788496063,0.3214546367272473,-0.058545363272752726,0.22437507704650778,0.22437507704650778
2626,Neutral,0.1,0.5,0.05435767622241518,0.04749784417098361,-0.0068598320514315705,0.3233077906382188,-0.1766922093617812,0.6506984185601409,0.6506984185601409
2626,Neutral,0.5,0.5,0.05435767622241518,0.05261819211528823,-0.0017394841071269457,0.3223482699179828,-0.17765173008201718,0.6543278093492101,0.6543278093492101
2626,Neutral,0.9,0.5,0.05435767622241518,0.05838886195558627,0.004031185733171093,0.32145486261821693,-0.17854513738178307,0.6577072865843736,0.6577072865843736
2626,Brown,0.1,0.6200000000000001,0.0658512787878319,0.04749784417102265,-0.018353434616809244,0.3233076524689819,-0.2966923475310182,1.0173655380667816,1.0173655380667816
2626,Brown,0.5,0.6200000000000001,0.0658512787878319,0.05261819211525717,-0.013233086672574723,0.3223483474020814,-0.2976516525979187,1.020994127521564,1.020994127521564
2626,Brown,0.9,0.6200000000000001,0.0658512787878319,0.0583888619555944,-0.007462416832237494,0.3214548378644377,-0.2985451621355624,1.0243737736753205,1.0243737736753205
2727,Green,0.1,0.38,0.0482269836864144,0.04748538771587292,-0.0007415959705414782,0.3233103028646649,-0.056689697135335115,0.21735560458718597,0.21735560458718597
2727,Green,0.5,0.38,0.0482269836864144,0.05262114541832662,0.004394161731912219,0.3223477619493423,-0.05765223805065772,0.22099645229680365,0.22099645229680365
2727,Green,0.9,0.38,0.0482269836864144,0.058429153928077515,0.010202170241663117,0.3214490118094811,-0.058550988190518904,0.22439632644093005,0.22439632644093005
2727,Neutral,0.1,0.5,0.05434335670782435,0.047485387715850196,-0.006857968991974155,0.3233103356227374,-0.17668966437726258,0.6506888349972637,0.6506888349972637
2727,Neutral,0.5,0.5,0.05434335670782435,0.05262114541834746,-0.0017222112894768882,0.32234771321469174,-0.17765228678530826,0.6543301401286299,0.6543301401286299
2727,Neutral,0.9,0.5,0.05434335670782435,0.058429153928063894,0.004085797220239544,0.3214492053685486,-0.1785507946314514,0.6577286773180198,0.6577286773180198
2727,Brown,0.1,0.6200000000000001,0.0658340449791318,0.047485387715922006,-0.01834865726320979,0.32331037007618957,-0.29668962992381054,1.0173552883726265,1.0173552883726265
2727,Brown,0.5,0.6200000000000001,0.0658340449791318,0.05262114541833281,-0.01321289956079899,0.32234775417723105,-0.29765224582276906,1.0209964649619763,1.0209964649619763
2727,Brown,0.9,0.6200000000000001,0.0658340449791318,0.05842915392806819,-0.0074048910510636085,0.32144921652719805,-0.29855078347280206,1.0243950700903952,1.0243950700903952
2828,Green,0.1,0.38,0.048186991135875205,0.047446169732501015,-0.0007408214033741908,0.32331844653046277,-0.05668155346953724,0.21732486177889662,0.21732486177889662
2828,Green,0.5,0.38,0.048186991135875205,0.05253555883226745,0.004348567696392247,0.3223623728655606,-0.05763762713443943,0.22094122095541943,0.22094122095541943
2828,Green,0.9,0.38,0.048186991135875205,0.058265705637597504,0.010078714501722298,0.3214723251435936,-0.05852767485640642,0.22430769965677055,0.22430769965677055
2828,Neutral,0.1,0.5,0.05429827308008969,0.0474461697325096,-0.006852103347580095,0.32331843990488895,-0.17668156009511105,0.6506581629611798,0.6506581629611798
2828,Neutral,0.5,0.5,0.05429827308008969,0.05253555883223458,-0.00176271424785511,0.32236237029848724,-0.17763762970151276,0.6542745367489812,0.6542745367489812
2828,Neutral,0.9,0.5,0.05429827308008969,0.05826570563757308,0.003967432557483386,0.3214721768877724,-0.1785278231122276,0.6576418650037507,0.6576418650037507
2828,Brown,0.1,0.6200000000000001,0.06577978597398348,0.04744616973249001,-0.018333616241493475,0.3233184420656651,-0.296681557934335,1.0173247597568946,1.0173247597568946
2828,Brown,0.5,0.6200000000000001,0.06577978597398348,0.05253555883227262,-0.013244227141710863,0.3223623063030263,-0.2976376936969738,1.0209413982433562,1.0209413982433562
2828,Brown,0.9,0.6200000000000001,0.06577978597398348,0.058265705637564225,-0.00751408033641926,0.32147199934183923,-0.2985280006581609,1.0243091552641064,1.0243091552641064
2929,Green,0.1,0.38,0.04819172601703173,0.047450812911142635,-0.0007409131058890919,0.32331754229463805,-0.056682457705361955,0.217328271955826,0.217328271955826
2929,Green,0.5,0.38,0.04819172601703173,0.05255717255210223,0.004365446535070504,0.322358666232869,-0.05764133376713099,0.2209552453049109,0.2209552453049109
2929,Green,0.9,0.38,0.04819172601703173,0.058320475250078094,0.010128749233046366,0.32146463318546437,-0.05853536681453564,0.2243367536571873,0.2243367536571873
2929,Neutral,0.1,0.5,0.05430361071463664,0.04745081291117985,-0.006852797803456788,0.323317441924607,-0.17668255807539301,0.650662180624695,0.650662180624695
2929,Neutral,0.5,0.5,0.05430361071463664,0.05255717255210071,-0.0017464381625359252,0.32235865629034377,-0.17764134370965623,0.654288659663591,0.654288659663591
2929,Neutral,0.9,0.5,0.05430361071463664,0.05832047525005048,0.00401686453541384,0.3214644719903943,-0.1785355280096057,0.6576709634963194,0.6576709634963194
2929,Brown,0.1,0.6200000000000001,0.06578620991888152,0.047450812911149956,-0.01833539700773157,0.32331748102584534,-0.29668251897415476,1.0173286407083826,1.0173286407083826
2929,Brown,0.5,0.6200000000000001,0.06578620991888152,0.05255717255212952,-0.013229037366752003,0.32235884713899043,-0.2976411528610097,1.0209548431700834,1.0209548431700834
2929,Brown,0.9,0.6200000000000001,0.06578620991888152,0.058320475250060594,-0.007465734668820931,0.32146449095424284,-0.29853550904575726,1.024337412128078,1.024337412128078
3030,Green,0.1,0.38,0.04813578989682814,0.04739596010182963,-0.0007398297949985089,0.3233288213778519,-0.0566711786221481,0.2172855242813619,0.2172855242813619
3030,Green,0.5,0.38,0.04813578989682814,0.05247350274226554,0.004337712845437401,0.32237280862732426,-0.057627191372675746,0.22090196627560293,0.22090196627560293
3030,Green,0.9,0.38,0.04813578989682814,0.058198619634511874,0.010062829737683736,0.3214817408485686,-0.058518259151431384,0.22427218634232288,0.22427218634232288
3030,Neutral,0.1,0.5,0.054240553890647775,0.047395960101845346,-0.006844593788802429,0.32332881117631096,-0.17667118882368904,0.6506189502140384,0.6506189502140384
3030,Neutral,0.5,0.5,0.054240553890647775,0.052473502742255804,-0.001767051148391971,0.32237297990293806,-0.17762702009706194,0.6542344078633693,0.6542344078633693
3030,Neutral,0.9,0.5,0.054240553890647775,0.05819861963449176,0.003958065743843983,0.32148166358693664,-0.17851833641306336,0.6576059526872358,0.6576059526872358
3030,Brown,0.1,0.6200000000000001,0.06571031982952527,0.04739596010188554,-0.01831435972763973,0.3233290628952239,-0.2966709371047762,1.0172847506360896,1.0172847506360896
3030,Brown,0.5,0.6200000000000001,0.06571031982952527,0.05247350274225789,-0.013236817087267379,0.32237300419788506,-0.29762699580211505,1.0209008761412732,1.0209008761412732
3030,Brown,0.9,0.6200000000000001,0.06571031982952527,0.058198619634509334,-0.007511700195015937,0.32148168235022645,-0.29851831764977366,1.0242724910028236,1.0242724910028236
