model,pi,v_state_mean,v_state_ci_low,v_state_ci_high,v_state_sd,v_static_mean,v_static_ci_low,v_static_ci_high,v_static_sd,vosc_mean,vosc_ci_low,vosc_ci_high,vosc_sd,c_state_mean,c_state_ci_low,c_state_ci_high,c_state_sd,turnover_state_mean,turnover_state_ci_low,turnover_state_ci_high,turnover_state_sd,n_seed
M0,balanced,0.05032223695929974,0.050303529686240384,0.0503409442323591,5.2278488405109206e-05,0.05032223695929974,0.050303529686240384,0.0503409442323591,5.2278488405109206e-05,0.0,0.0,0.0,0.0,0.3227561758720036,0.32275270723469895,0.3227596445093083,9.693294930699637e-06,0.0,0.0,0.0,0.0,30
M0,high,0.05032223695929974,0.050303529686240384,0.0503409442323591,5.227848840510684e-05,0.05032223695929974,0.050303529686240384,0.0503409442323591,5.227848840510684e-05,0.0,0.0,0.0,0.0,0.3227561758720036,0.32275270723469895,0.3227596445093083,9.693294930696265e-06,0.0,0.0,0.0,0.0,30
M0,low,0.05032223695929974,0.050303529686240384,0.0503409442323591,5.227848840510684e-05,0.05032223695929974,0.050303529686240384,0.0503409442323591,5.227848840510684e-05,0.0,0.0,0.0,0.0,0.3227561758720036,0.32275270723469895,0.3227596445093083,9.693294930696265e-06,0.0,0.0,0.0,0.0,30
M1,balanced,0.052538257954897874,0.0525021896257157,0.05257432628408005,0.00010079490062281097,0.052538257954897874,0.0525021896257157,0.05257432628408005,0.00010079490062281097,0.0,0.0,0.0,0.0,0.32236192676932324,0.32235576168351604,0.32236809185513043,1.722866640500483e-05,0.0,0.0,0.0,0.0,30
M1,high,0.052538257954897874,0.0525021896257157,0.05257432628408005,0.00010079490062281043,0.052538257954897874,0.0525021896257157,0.05257432628408005,0.00010079490062281043,0.0,0.0,0.0,0.0,0.32236192676932324,0.32235576168351604,0.32236809185513043,1.7228666405003048e-05,0.0,0.0,0.0,0.0,30
M1,low,0.052538257954897874,0.0525021896257157,0.05257432628408005,0.00010079490062281043,0.052538257954897874,0.0525021896257157,0.05257432628408005,0.00010079490062281043,0.0,0.0,0.0,0.0,0.32236192676932324,0.32235576168351604,0.32236809185513043,1.7228666405003048e-05,0.0,0.0,0.0,0.0,30
M2,balanced,0.052709009458321354,0.05267174519603927,0.05274627372060344,0.0001041370004841032,0.052709134382573804,0.052671869708145864,0.05274639905700174,0.00010413815224802591,1.249242524490694e-07,1.245011106330422e-07,1.2534739426509658e-07,1.18249273706003e-09,0.3223811767469369,0.3223750044204292,0.3223873490734446,1.724890093496732e-05,0.0021669070789522822,0.002163679217169598,0.0021701349407349667,9.020434685691672e-06,30
M2,high,0.055178393195374965,0.05513458857291256,0.05522219781783737,0.0001224143914628402,0.055178474474801245,0.05513466958134915,0.055222279368253344,0.00012241514875822475,8.127942626746469e-08,8.100177540889169e-08,8.155707712603769e-08,7.759103715714301e-10,0.32196197820313893,0.321955251966215,0.32196870444006287,1.879683361241675e-05,0.0018526061925203438,0.00185002832189482,0.0018551840631458676,7.2039991707334434e-06,30
M2,low,0.050256700871604214,0.05022583260641875,0.05028756913678968,8.626303996652114e-05,0.05025678844736238,0.05022591989573088,0.05028765699899388,8.626384045548667e-05,8.757575817724961e-08,8.728056234335617e-08,8.787095401114305e-08,8.249407559543736e-10,0.3228023160839439,0.32279669912491543,0.32280793304297234,1.569689641618289e-05,0.001981739069059647,0.001979069486212749,0.0019844086519065452,7.460293943708011e-06,30
M3,balanced,0.05275565979436939,0.05271693929957742,0.05279438028916136,0.00010820652115351084,0.05275581122248403,0.05271708996579866,0.052794532479169404,0.00010820865030590879,1.514281146357266e-07,1.506186333330609e-07,1.5223759593839228e-07,2.2621393701411022e-09,0.3223835544233836,0.32237728264202387,0.3223898262047434,1.7526832909112294e-05,0.002391307776356435,0.0023852012664265787,0.002397414286286291,1.7064972941309104e-05,30
M3,high,0.055478302438596555,0.055429816288168204,0.055526788589024906,0.00013549717507910312,0.055478400789599584,0.05542991412076306,0.055526887458436106,0.00013549862379883549,9.83510030379738e-08,9.780465074070528e-08,9.889735533524232e-08,1.5268111042813923e-09,0.32192200340871574,0.3219147205062212,0.32192928631121026,2.03524657178438e-05,0.0020367205589000596,0.0020315324013799245,0.0020419087164201947,1.4498587362231576e-05,30
M3,low,0.050054757334084904,0.050025371774239706,0.0500841428939301,8.21195395379202e-05,0.05005486370586017,0.0500254776387089,0.05008424977301144,8.21209572322253e-05,1.0637177524757309e-07,1.0582257923901674e-07,1.0692097125612944e-07,1.5347580095902009e-09,0.32284724155828876,0.3228419509919535,0.322852532124624,1.478477434609602e-05,0.002186199889272666,0.002181085391351138,0.0021913143871941944,1.4292741621941775e-05,30
