design,state,g_gamma_mean,g_gamma_ci_low,g_gamma_ci_high,g_gamma_sd,g_phi_mean,g_phi_ci_low,g_phi_ci_high,g_phi_sd,g_total_mean,g_total_ci_low,g_total_ci_high,g_total_sd,g_fd_mean,g_fd_ci_low,g_fd_ci_high,g_fd_sd,fd_stability_range_mean,fd_stability_range_ci_low,fd_stability_range_ci_high,fd_stability_range_sd,grad_abs_error_mean,grad_abs_error_ci_low,grad_abs_error_ci_high,grad_abs_error_sd,n_seed
D0,0.05,0.0,0.0,0.0,0.0,0.0,0.0,0.0,0.0,0.0,0.0,0.0,0.0,0.0,0.0,0.0,0.0,0.0,0.0,0.0,0.0,0.0,0.0,0.0,0.0,30
D0,0.095,0.0,0.0,0.0,0.0,0.0,0.0,0.0,0.0,0.0,0.0,0.0,0.0,0.0,0.0,0.0,0.0,0.0,0.0,0.0,0.0,0.0,0.0,0.0,0.0,30
D0,0.14,0.0,0.0,0.0,0.0,0.0,0.0,0.0,0.0,0.0,0.0,0.0,0.0,0.0,0.0,0.0,0.0,0.0,0.0,0.0,0.0,0.0,0.0,0.0,0.0,30
D0,0.185,0.0,0.0,0.0,0.0,0.0,0.0,0.0,0.0,0.0,0.0,0.0,0.0,0.0,0.0,0.0,0.0,0.0,0.0,0.0,0.0,0.0,0.0,0.0,0.0,30
D0,0.22999999999999998,0.0,0.0,0.0,0.0,0.0,0.0,0.0,0.0,0.0,0.0,0.0,0.0,0.0,0.0,0.0,0.0,0.0,0.0,0.0,0.0,0.0,0.0,0.0,0.0,30
D0,0.27499999999999997,0.0,0.0,0.0,0.0,0.0,0.0,0.0,0.0,0.0,0.0,0.0,0.0,0.0,0.0,0.0,0.0,0.0,0.0,0.0,0.0,0.0,0.0,0.0,0.0,30
D0,0.32,0.0,0.0,0.0,0.0,0.0,0.0,0.0,0.0,0.0,0.0,0.0,0.0,0.0,0.0,0.0,0.0,0.0,0.0,0.0,0.0,0.0,0.0,0.0,0.0,30
D0,0.365,0.0,0.0,0.0,0.0,0.0,0.0,0.0,0.0,0.0,0.0,0.0,0.0,0.0,0.0,0.0,0.0,0.0,0.0,0.0,0.0,0.0,0.0,0.0,0.0,30
D0,0.41,0.0,0.0,0.0,0.0,0.0,0.0,0.0,0.0,0.0,0.0,0.0,0.0,0.0,0.0,0.0,0.0,0.0,0.0,0.0,0.0,0.0,0.0,0.0,0.0,30
D0,0.45499999999999996,0.0,0.0,0.0,0.0,0.0,0.0,0.0,0.0,0.0,0.0,0.0,0.0,0.0,0.0,0.0,0.0,0.0,0.0,0.0,0.0,0.0,0.0,0.0,0.0,30
D0,0.49999999999999994,0.0,0.0,0.0,0.0,0.0,0.0,0.0,0.0,0.0,0.0,0.0,0.0,0.0,0.0,0.0,0.0,0.0,0.0,0.0,0.0,0.0,0.0,0.0,0.0,30
D0,0.545,0.0,0.0,0.0,0.0,0.0,0.0,0.0,0.0,0.0,0.0,0.0,0.0,0.0,0.0,0.0,0.0,0.0,0.0,0.0,0.0,0.0,0.0,0.0,0.0,30
D0,0.5900000000000001,0.0,0.0,0.0,0.0,0.0,0.0,0.0,0.0,0.0,0.0,0.0,0.0,0.0,0.0,0.0,0.0,0.0,0.0,0.0,0.0,0.0,0.0,0.0,0.0,30
D0,0.635,0.0,0.0,0.0,0.0,0.0,0.0,0.0,0.0,0.0,0.0,0.0,0.0,0.0,0.0,0.0,0.0,0.0,0.0,0.0,0.0,0.0,0.0,0.0,0.0,30
D0,0.68,0.0,0.0,0.0,0.0,0.0,0.0,0.0,0.0,0.0,0.0,0.0,0.0,0.0,0.0,0.0,0.0,0.0,0.0,0.0,0.0,0.0,0.0,0.0,0.0,30
D0,0.725,0.0,0.0,0.0,0.0,0.0,0.0,0.0,0.0,0.0,0.0,0.0,0.0,0.0,0.0,0.0,0.0,0.0,0.0,0.0,0.0,0.0,0.0,0.0,0.0,30
D0,0.77,0.0,0.0,0.0,0.0,0.0,0.0,0.0,0.0,0.0,0.0,0.0,0.0,0.0,0.0,0.0,0.0,0.0,0.0,0.0,0.0,0.0,0.0,0.0,0.0,30
D0,0.8150000000000001,0.0,0.0,0.0,0.0,0.0,0.0,0.0,0.0,0.0,0.0,0.0,0.0,0.0,0.0,0.0,0.0,0.0,0.0,0.0,0.0,0.0,0.0,0.0,0.0,30
D0,0.86,0.0,0.0,0.0,0.0,0.0,0.0,0.0,0.0,0.0,0.0,0.0,0.0,0.0,0.0,0.0,0.0,0.0,0.0,0.0,0.0,0.0,0.0,0.0,0.0,30
D0,0.905,0.0,0.0,0.0,0.0,0.0,0.0,0.0,0.0,0.0,0.0,0.0,0.0,0.0,0.0,0.0,0.0,0.0,0.0,0.0,0.0,0.0,0.0,0.0,0.0,30
D0,0.95,0.0,0.0,0.0,0.0,0.0,0.0,0.0,0.0,0.0,0.0,0.0,0.0,0.0,0.0,0.0,0.0,0.0,0.0,0.0,0.0,0.0,0.0,0.0,0.0,30
D_gamma,0.05,0.0,0.0,0.0,0.0,0.0,0.0,0.0,0.0,0.0,0.0,0.0,0.0,0.0,0.0,0.0,0.0,0.0,0.0,0.0,0.0,0.0,0.0,0.0,0.0,30
D_gamma,0.095,0.0,0.0,0.0,0.0,0.0,0.0,0.0,0.0,0.0,0.0,0.0,0.0,0.0,0.0,0.0,0.0,0.0,0.0,0.0,0.0,0.0,0.0,0.0,0.0,30
D_gamma,0.14,0.0,0.0,0.0,0.0,0.0,0.0,0.0,0.0,0.0,0.0,0.0,0.0,0.0,0.0,0.0,0.0,0.0,0.0,0.0,0.0,0.0,0.0,0.0,0.0,30
D_gamma,0.185,0.0,0.0,0.0,0.0,0.0,0.0,0.0,0.0,0.0,0.0,0.0,0.0,0.0,0.0,0.0,0.0,0.0,0.0,0.0,0.0,0.0,0.0,0.0,0.0,30
D_gamma,0.22999999999999998,0.0,0.0,0.0,0.0,0.0,0.0,0.0,0.0,0.0,0.0,0.0,0.0,0.0,0.0,0.0,0.0,0.0,0.0,0.0,0.0,0.0,0.0,0.0,0.0,30
D_gamma,0.27499999999999997,0.0,0.0,0.0,0.0,0.0,0.0,0.0,0.0,0.0,0.0,0.0,0.0,0.0,0.0,0.0,0.0,0.0,0.0,0.0,0.0,0.0,0.0,0.0,0.0,30
D_gamma,0.32,0.0,0.0,0.0,0.0,0.0,0.0,0.0,0.0,0.0,0.0,0.0,0.0,0.0,0.0,0.0,0.0,0.0,0.0,0.0,0.0,0.0,0.0,0.0,0.0,30
D_gamma,0.365,0.0,0.0,0.0,0.0,0.0,0.0,0.0,0.0,0.0,0.0,0.0,0.0,0.0,0.0,0.0,0.0,0.0,0.0,0.0,0.0,0.0,0.0,0.0,0.0,30
D_gamma,0.41,0.0,0.0,0.0,0.0,0.0,0.0,0.0,0.0,0.0,0.0,0.0,0.0,0.0,0.0,0.0,0.0,0.0,0.0,0.0,0.0,0.0,0.0,0.0,0.0,30
D_gamma,0.45499999999999996,0.0,0.0,0.0,0.0,0.0,0.0,0.0,0.0,0.0,0.0,0.0,0.0,0.0,0.0,0.0,0.0,0.0,0.0,0.0,0.0,0.0,0.0,0.0,0.0,30
D_gamma,0.49999999999999994,0.0,0.0,0.0,0.0,0.0,0.0,0.0,0.0,0.0,0.0,0.0,0.0,0.0,0.0,0.0,0.0,0.0,0.0,0.0,0.0,0.0,0.0,0.0,0.0,30
D_gamma,0.545,0.0,0.0,0.0,0.0,0.0,0.0,0.0,0.0,0.0,0.0,0.0,0.0,0.0,0.0,0.0,0.0,0.0,0.0,0.0,0.0,0.0,0.0,0.0,0.0,30
D_gamma,0.5900000000000001,0.0,0.0,0.0,0.0,0.0,0.0,0.0,0.0,0.0,0.0,0.0,0.0,0.0,0.0,0.0,0.0,0.0,0.0,0.0,0.0,0.0,0.0,0.0,0.0,30
D_gamma,0.635,0.0,0.0,0.0,0.0,0.0,0.0,0.0,0.0,0.0,0.0,0.0,0.0,0.0,0.0,0.0,0.0,0.0,0.0,0.0,0.0,0.0,0.0,0.0,0.0,30
D_gamma,0.68,0.0,0.0,0.0,0.0,0.0,0.0,0.0,0.0,0.0,0.0,0.0,0.0,0.0,0.0,0.0,0.0,0.0,0.0,0.0,0.0,0.0,0.0,0.0,0.0,30
D_gamma,0.725,0.0,0.0,0.0,0.0,0.0,0.0,0.0,0.0,0.0,0.0,0.0,0.0,0.0,0.0,0.0,0.0,0.0,0.0,0.0,0.0,0.0,0.0,0.0,0.0,30
D_gamma,0.77,0.0,0.0,0.0,0.0,0.0,0.0,0.0,0.0,0.0,0.0,0.0,0.0,0.0,0.0,0.0,0.0,0.0,0.0,0.0,0.0,0.0,0.0,0.0,0.0,30
D_gamma,0.8150000000000001,0.0,0.0,0.0,0.0,0.0,0.0,0.0,0.0,0.0,0.0,0.0,0.0,0.0,0.0,0.0,0.0,0.0,0.0,0.0,0.0,0.0,0.0,0.0,0.0,30
D_gamma,0.86,0.0,0.0,0.0,0.0,0.0,0.0,0.0,0.0,0.0,0.0,0.0,0.0,0.0,0.0,0.0,0.0,0.0,0.0,0.0,0.0,0.0,0.0,0.0,0.0,30
D_gamma,0.905,0.0,0.0,0.0,0.0,0.0,0.0,0.0,0.0,0.0,0.0,0.0,0.0,0.0,0.0,0.0,0.0,0.0,0.0,0.0,0.0,0.0,0.0,0.0,0.0,30
D_gamma,0.95,0.0,0.0,0.0,0.0,0.0,0.0,0.0,0.0,0.0,0.0,0.0,0.0,0.0,0.0,0.0,0.0,0.0,0.0,0.0,0.0,0.0,0.0,0.0,0.0,30
D_phi,0.05,0.0,0.0,0.0,0.0,0.012562975714850093,0.01253632401688329,0.012589627412816896,7.447961435708862e-05,0.012562975714850093,0.01253632401688329,0.012589627412816896,7.447961435708862e-05,0.012562978700897212,0.012536326897866728,0.012589630503927697,7.44799079632415e-05,1.5086227819760544e-08,1.4857082938302069e-08,1.531537270121902e-08,6.403577897433017e-10,2.986047116978104e-09,2.8315338863269225e-09,3.1405603476292858e-09,4.317955968997613e-10,30
D_phi,0.095,0.0,0.0,0.0,0.0,0.01270977046741994,0.01268219758780181,0.01273734334703807,7.705390640516587e-05,0.01270977046741994,0.01268219758780181,0.01273734334703807,7.705390640516587e-05,0.012709773650416301,0.012682200707869158,0.012737346592963444,7.705408226369972e-05,1.5275259478547224e-08,1.504068357467441e-08,1.5509835382420038e-08,6.555350762144504e-10,3.1829963624320965e-09,3.0676438588888977e-09,3.2983488659752953e-09,3.223588226807716e-10,30
D_phi,0.14,0.0,0.0,0.0,0.0,0.012858439985715885,0.01282991875839364,0.01288696121303813,7.970411546002078e-05,0.012858439985715885,0.01282991875839364,0.01288696121303813,7.970411546002078e-05,0.012858443332560998,0.012829922071188994,0.012886964593933002,7.970421061391773e-05,1.5466867624621312e-08,1.5226744181943358e-08,1.5706991067299266e-08,6.710379740542909e-10,3.346845117019326e-09,3.303300852250497e-09,3.390389381788155e-09,1.2168680777806298e-10,30
D_phi,0.185,0.0,0.0,0.0,0.0,0.01300900792972166,0.012979510502527339,0.013038505356915982,8.243215890769297e-05,0.01300900792972166,0.012979510502527339,0.013038505356915982,8.243215890769297e-05,0.013009011258096151,0.012979513799972284,0.013038508716220018,8.243224534198234e-05,1.566086717484187e-08,1.5415180078129023e-08,1.5906554271554715e-08,6.865859067770491e-10,3.328374491180323e-09,3.2809651757161773e-09,3.375783806644469e-09,1.3248790141256062e-10,30
D_phi,0.22999999999999998,0.0,0.0,0.0,0.0,0.013161497998660251,0.01313099575925676,0.013192000238063743,8.524016108202226e-05,0.013161497998660251,0.01313099575925676,0.013192000238063743,8.524016108202226e-05,0.01316150123215626,0.013130998990566876,0.013192003473745644,8.524016719061457e-05,1.585728363432774e-08,1.5606048581886068e-08,1.610851868676941e-08,7.020899697327347e-10,3.2334960102982833e-09,3.186900643805853e-09,3.2800913767907137e-09,1.3021327689913435e-10,30
D_phi,0.27499999999999997,0.0,0.0,0.0,0.0,0.013315934095567037,0.013284397907374852,0.013347470283759221,8.812958700687893e-05,0.013315934095567037,0.013284397907374852,0.013347470283759221,8.812958700687893e-05,0.013315937360033205,0.013284401029288524,0.013347473690777885,8.812998537755491e-05,1.6056156184699837e-08,1.5799015428388134e-08,1.631329694101154e-08,7.185937792571717e-10,3.2644661649798104e-09,2.997271790561891e-09,3.53166053939773e-09,7.466891599108619e-10,30
D_phi,0.32,0.0,0.0,0.0,0.0,0.013472341969804034,0.013439741975976874,0.013504941963631195,9.110244950676996e-05,0.013472341969804034,0.013439741975976874,0.013504941963631195,9.110244950676996e-05,0.013472344051568875,0.013439743596778155,0.013504944506359595,9.110373769441896e-05,1.625783301965426e-08,1.5995117486543222e-08,1.6520548552765298e-08,7.341727951479596e-10,2.94355469507059e-09,2.5520346127412844e-09,3.335074777399896e-09,1.0941240885013729e-09,30
D_phi,0.365,0.0,0.0,0.0,0.0,0.013630742826699077,0.013597047523354765,0.013664438130043388,9.416335131275218e-05,0.013630742826699077,0.013597047523354765,0.013664438130043388,9.416335131275218e-05,0.013630746027540826,0.01359705067401757,0.013664441381064082,9.416349154053234e-05,1.6461613461249414e-08,1.6193085091557894e-08,1.6730141830940933e-08,7.504170819988153e-10,3.20084175125616e-09,3.1173194035082934e-09,3.2843640990040262e-09,2.3340772727531865e-10,30
D_phi,0.41,0.0,0.0,0.0,0.0,0.013791164897615968,0.013756343219857978,0.013825986575373957,9.73110656556421e-05,0.013791164897615968,0.013756343219857978,0.013825986575373957,9.73110656556421e-05,0.013791168323564683,0.013756346546156898,0.013825990100972468,9.731134413239599e-05,1.6668342944318553e-08,1.6393805715396154e-08,1.6942880173240952e-08,7.672091647696511e-10,3.4259487155750373e-09,3.270871206238306e-09,3.5810262249117684e-09,4.333725042676149e-10,30
D_phi,0.45499999999999996,0.0,0.0,0.0,0.0,0.013953632850590784,0.013917652458331617,0.013989613242849952,0.00010054915612572051,0.013953632850590784,0.013917652458331617,0.013989613242849952,0.00010054915612572051,0.0139536362966045,0.013917655808777695,0.013989616784431304,0.00010054942319466093,1.6877590205040722e-08,1.6596915663519195e-08,1.715826474656225e-08,7.843602174395943e-10,3.4460137158150623e-09,3.265241307858082e-09,3.6267861237720426e-09,5.051782909970155e-10,30
D_phi,0.49999999999999994,0.0,0.0,0.0,0.0,0.01411817218612336,0.014081000024654415,0.014155344347592304,0.00010387961977037592,0.01411817218612336,0.014081000024654415,0.014155344347592304,0.00010387961977037592,0.014118175629956323,0.014081003372546709,0.014155347887365938,0.00010387988788177959,1.7089514646867015e-08,1.6802773257445108e-08,1.737625603628892e-08,8.013143526900473e-10,3.443832964402279e-09,3.291654630423216e-09,3.596011298381342e-09,4.252706016097941e-10,30
D_phi,0.545,0.0,0.0,0.0,0.0,0.014284808905608435,0.01424641110613441,0.01432320670508246,0.00010730473159902713,0.014284808905608435,0.01424641110613441,0.01432320670508246,0.00010730473159902713,0.014284812339069523,0.01424641446867705,0.014323210209461998,0.00010730492978447875,1.7304196200940147e-08,1.7011268071398616e-08,1.759712433048168e-08,8.186035332447353e-10,3.433461086913466e-09,3.3070064989267777e-09,3.5599156749001545e-09,3.533841993356051e-10,30
D_phi,0.5900000000000001,0.0,0.0,0.0,0.0,0.014453569376377342,0.01441391131916827,0.014493227433586414,0.00011082659013929146,0.014453569376377342,0.01441391131916827,0.014493227433586414,0.00011082659013929146,0.01445357277700493,0.014413914654115886,0.014493230899893975,0.0001108267736855301,1.752177521130438e-08,1.7222533059896325e-08,1.7821017362712435e-08,8.362484095391761e-10,3.400627586989946e-09,3.2973162501425253e-09,3.5039389238373665e-09,2.887091297783519e-10,30
D_phi,0.635,0.0,0.0,0.0,0.0,0.014624479956282157,0.014583526297375086,0.014665433615189228,0.00011444721929948501,0.014624479956282157,0.014583526297375086,0.014665433615189228,0.00011444721929948501,0.014624483640389568,0.014583529817069743,0.014665437463709394,0.00011444767875984051,1.7742083716539476e-08,1.7436414560878018e-08,1.8047752872200934e-08,8.542090212368285e-10,3.6841074141022445e-09,3.408625994094263e-09,3.959588834110226e-09,7.698477579287522e-10,30
D_phi,0.68,0.0,0.0,0.0,0.0,0.014796780983926209,0.014755319514658928,0.01483824245319349,0.00011586632287187743,0.014796780983926209,0.014755319514658928,0.01483824245319349,0.00011586632287187743,0.014797533570690236,0.014755288923373834,0.014839778218006638,0.00011805495637448482,9.485903561488411e-08,-5.609005911785252e-08,2.4580813034762073e-07,4.2183542591730973e-07,7.525867640276879e-07,-7.15249331878088e-07,2.2204228599334637e-06,4.101947519390655e-06,30
D_phi,0.725,0.0,0.0,0.0,0.0,0.014972861286143689,0.014929206677174546,0.015016515895112832,0.00012199517062594631,0.014972861286143689,0.014929206677174546,0.015016515895112832,0.00012199517062594631,0.01497286518235936,0.014929210316552309,0.015016520048166412,0.00012199588837339983,1.8191652420562754e-08,1.7872750157400665e-08,1.8510554683724842e-08,8.911896573156414e-10,3.896215673935647e-09,3.517211863255304e-09,4.27521948461599e-09,1.059146689058964e-09,30
D_phi,0.77,0.0,0.0,0.0,0.0,0.015150386595111238,0.015105324889759155,0.015195448300463321,0.00012592737772566288,0.015150386595111238,0.015105324889759155,0.015195448300463321,0.00012592737772566288,0.015150391024108818,0.015105329133945598,0.015195452914272038,0.0001259278941904011,1.8420587670949413e-08,1.8094906088825107e-08,1.874626925307372e-08,9.101348315607663e-10,4.4289975818211555e-09,4.085005875216158e-09,4.772989288426153e-09,9.613034667393189e-10,30
D_phi,0.8150000000000001,0.0,0.0,0.0,0.0,0.015330173023906334,0.01528366537550368,0.015376680672308988,0.00012996814394337298,0.015330173023906334,0.01528366537550368,0.015376680672308988,0.00012996814394337298,0.0153301779136277,0.015283669874260846,0.015376685952994554,0.0001299692365140179,2.864253931256222e-08,8.806678068057599e-09,4.847840055706684e-08,5.5432389252332456e-08,4.889721364094435e-09,4.2753972117922036e-09,5.504045516396666e-09,1.7167621369080042e-09,30
D_phi,0.86,0.0,0.0,0.0,0.0,0.015512239786327818,0.015464256453716687,0.015560223118938949,0.00013409202343867124,0.015512239786327818,0.015464256453716687,0.015560223118938949,0.00013409202343867124,0.015512253633029693,0.015464260233425543,0.015560247032633843,0.00013412015619624387,2.049087159209743e-08,1.7081906444569554e-08,2.3899836739625308e-08,9.526537853643842e-09,1.3846701876936429e-08,-3.964148333023655e-09,3.165755208689651e-08,4.977338617081817e-08,30
D_phi,0.905,0.0,0.0,0.0,0.0,0.015696620874039596,0.015647125955154717,0.015746115792924474,0.0001383162332010812,0.015696620874039596,0.015647125955154717,0.015746115792924474,0.0001383162332010812,0.015696646755780107,0.015647128248428725,0.01574616526313149,0.00013838215244910354,2.009318329776466e-08,1.7921007083542354e-08,2.2265359511986967e-08,6.0702641517411885e-09,2.588174051349849e-08,-1.5659442707462465e-08,6.742292373445944e-08,1.1608908783553438e-07,30
D_phi,0.95,0.0,0.0,0.0,0.0,0.01588343500794685,0.015832291162891785,0.015934578853001913,0.0001429242467472244,0.01588343500794685,0.015832291162891785,0.015934578853001913,0.0001429242467472244,0.015883390703885742,0.015832301784982378,0.015934479622789106,0.0001427707526395766,1.9515300787401973e-08,1.8911150973957706e-08,2.011945060084624e-08,1.6883293955710946e-09,5.2927659364293554e-08,-4.2066335568725375e-08,1.479216542973125e-07,2.65465867040184e-07,30
D_phi+gamma,0.05,0.001456779396067289,0.0014446035750156664,0.0014689552171189117,3.402599179742081e-05,0.012197834883473065,0.012176203466876716,0.012219466300069414,6.045016599318792e-05,0.013654614279540355,0.013621363415452857,0.013687865143627853,9.292134172320206e-05,0.013654623695123498,0.013621372535060579,0.013687874855186417,9.292216884255283e-05,6.448428100230368e-08,6.345255460493135e-08,6.5516007399676e-08,2.883215331872431e-09,9.415583141688759e-09,9.032251815196693e-09,9.798914468180825e-09,1.071240166524559e-09,30
D_phi+gamma,0.095,0.0014366463219683532,0.0014240981277540313,0.0014491945161826752,3.5066608781349014e-05,0.012380297416077919,0.012357457093153227,0.01240313773900261,6.382852024442501e-05,0.013816943738046273,0.013782151715639235,0.013851735760453312,9.722819217023769e-05,0.013816953170029947,0.013782161048900078,0.013851745291159815,9.722846805653488e-05,5.598163194178255e-08,5.493426783592705e-08,5.702899604763805e-08,2.926915755714294e-09,9.431983670019998e-09,9.003863814610301e-09,9.860103525429694e-09,1.1964041378993477e-09,30
D_phi+gamma,0.14,0.001421688086550398,0.001408703863136392,0.001434672309964404,3.6285116010469415e-05,0.012564482875014204,0.012540371988945621,0.012588593761082786,6.737917780819988e-05,0.013986170961564598,0.013949712637917337,0.01402262928521186,0.00010188476129123963,0.013986177720025894,0.013949719226826586,0.014022636213225201,0.00010188523511362062,4.994783645712042e-08,4.88745778866121e-08,5.1021095027628744e-08,2.9992792405372157e-09,6.758461293503622e-09,6.5496193256995654e-09,6.9673032613076784e-09,5.836201972195558e-10,30
D_phi+gamma,0.185,0.0014109715097005257,0.0013974911854154606,0.0014244518339855908,3.767149678083268e-05,0.012750571305493704,0.012725122247548194,0.012776020363439214,7.111877164050395e-05,0.014161542815194232,0.014123290274994586,0.014199795355393879,0.00010689879668445165,0.014161548972114196,0.014123296256676786,0.014199801687551606,0.00010689928639587747,4.55928633504484e-08,4.448717003627319e-08,4.6698556664623606e-08,3.0899198895153666e-09,6.156919966105826e-09,5.943661500317495e-09,6.370178431894158e-09,5.959623401887365e-10,30
D_phi+gamma,0.22999999999999998,0.0014037962324064078,0.0013897617957244627,0.001417830669088353,3.9219993904036924e-05,0.012938725488511632,0.012911865275670275,0.01296558570135299,7.50623204744934e-05,0.014342521720918041,0.014302343491138767,0.014382699950697315,0.00011228024057747481,0.014342527468127232,0.01430234906122006,0.014382705875034405,0.00011228073557098927,4.241400954988853e-08,4.127175207244647e-08,4.3556267027330595e-08,3.1921004253595315e-09,5.747209191944251e-09,5.5395412522833085e-09,5.954877131605193e-09,5.80339311947164e-10,30
D_phi+gamma,0.27499999999999997,0.0013996267267279384,0.0013849814013957417,0.0014142720520601351,4.092715534427747e-05,0.013129087548005713,0.013100737781266265,0.013157437314745161,7.922495956908889e-05,0.014528714274733654,0.014486474417963737,0.01457095413150357,0.00011804156893270431,0.014528719776545055,0.014486479768578335,0.014570959784511775,0.00011804199146036618,4.008000325147106e-08,3.8897987738927e-08,4.1262018764015124e-08,3.3032064091389113e-09,5.501811403627507e-09,5.2984669771523166e-09,5.705155830102697e-09,5.682570200367699e-10,30
D_phi+gamma,0.32,0.0013980464916961842,0.001382734509563487,0.0014133584738288815,4.279016390274373e-05,0.013321785458828842,0.013291861999153144,0.01335170891850454,8.36227297657331e-05,0.014719831950525026,0.014675389503619964,0.014764274397430088,0.00012419682643475182,0.014719837200780109,0.014675394663920573,0.014764279737639645,0.0001241970778174013,3.835940780294589e-08,3.713428937296372e-08,3.958452623292806e-08,3.4236598478824537e-09,5.250255087919006e-09,4.968130861123497e-09,5.5323793147145146e-09,7.884114415034319e-10,30
D_phi+gamma,0.365,0.0013987251832281297,0.00138269140451672,0.0014147589619395394,4.48072635597238e-05,0.013516937516519473,0.013485350525949655,0.01354852450708929,8.827155700441107e-05,0.014915662699747602,0.014868871481532986,0.014962453917962217,0.00013076059515096782,0.014915667874959406,0.014868876456317563,0.014962459293601248,0.0001307611552557139,3.711752295567269e-08,3.5851153976466636e-08,3.838389193487874e-08,3.5389367432622297e-09,5.175211804757385e-09,4.939847686840987e-09,5.410575922673783e-09,6.577377830765074e-10,30
D_phi+gamma,0.41,0.0014014006045385556,0.001384589607251628,0.0014182116018254833,4.697924299037174e-05,0.013714651851092306,0.013681306105054324,0.013747997597130288,9.318649447595553e-05,0.015116052455630863,0.015066760317148624,0.015165344594113101,0.00013774955237621947,0.015116057433028374,0.015066765069456792,0.015165349796599956,0.0001377501814005883,3.62232407957741e-08,3.491298028555789e-08,3.7533501305990315e-08,3.661594005371786e-09,4.9773975101252695e-09,4.67088901172136e-09,5.2839060085291794e-09,8.565546100187882e-10,30
D_phi+gamma,0.45499999999999996,0.001405859347404168,0.0013882158601581046,0.0014235028346502312,4.930568129797195e-05,0.013915031084312263,0.013879825597061182,0.013950236571563345,9.838364208464271e-05,0.015320890431716432,0.015268939444355251,0.015372841419077613,0.00014517984966475031,0.015320895322488932,0.01526894404349405,0.015372846601483815,0.0001451806646509336,3.56036894526753e-08,3.4248854479928965e-08,3.695852442542164e-08,3.786159756625365e-09,4.890772502842237e-09,4.502427999608273e-09,5.279117006076201e-09,1.08524976061892e-09,30
D_phi+gamma,0.49999999999999994,0.0014119277347244949,0.00139339633228363,0.0014304591371653598,5.178700843041213e-05,0.01411817218612336,0.014081000024654415,0.014155344347592304,0.00010387961977037589,0.015530099920847851,0.015475325949908896,0.015584873891786807,0.0001530688302644437,0.015530104927016201,0.0154753307206887,0.015584879133343702,0.00015306948807048941,3.520046780112103e-08,3.380038660836554e-08,3.6600548993876524e-08,3.912602770559984e-09,5.0061683463595295e-09,4.7332877133560445e-09,5.2790489793630146e-09,7.625797176950276e-10,30
D_phi+gamma,0.545,0.0014194627047973629,0.0013999876016924102,0.0014389378079023155,5.442423108006588e-05,0.014324168575822891,0.014284917330400607,0.014363419821245175,0.00010968973255394238,0.015743631280620254,0.01568586425300903,0.015801398308231476,0.000161433089343806,0.015743636316280132,0.01568586903970723,0.015801403592853036,0.00016143378508071986,3.496968105134076e-08,3.3523820256168464e-08,3.641554184651306e-08,4.040536350539449e-09,5.035659879186472e-09,4.74721687471756e-09,5.324102883655383e-09,8.060696081579329e-10,30
D_phi+gamma,0.5900000000000001,0.0014283457444860892,0.0014078708643015976,0.0014488206246705809,5.721816231175947e-05,0.01453311002295995,0.014491661382289822,0.014574558663630078,0.00011583047266188495,0.01596145576744604,0.015900519338452938,0.016022392196439143,0.0001702901532711946,0.01596146084295454,0.015900524162715788,0.01602239752319329,0.00017029085539077852,3.487849432881607e-08,3.3386273846083387e-08,3.637071481154875e-08,4.1700910098903665e-09,5.075508498440333e-09,4.788477234761292e-09,5.362539762119373e-09,8.021244220113424e-10,30
D_phi+gamma,0.635,0.0014384783613572197,0.0014169470297702366,0.0014600096929442028,6.0170473010409034e-05,0.014745083515709894,0.014701313605036065,0.014788853426383723,0.00012231738748846407,0.016183561877067116,0.016119273504686,0.01624785024944823,0.000179657340727578,0.016183567061483235,0.01611927841301418,0.01624785570995229,0.00017965811227029158,3.490144431563443e-08,3.336237929421462e-08,3.644050933705424e-08,4.301000611991473e-09,5.18441612082828e-09,4.876233375970397e-09,5.492598865686164e-09,8.612333824702106e-10,30
D_phi+gamma,0.68,0.0014497775273281978,0.001427132885628146,0.0014724221690282497,6.328167845722496e-05,0.014960174938348444,0.01491395376411198,0.015006396112584908,0.0001291675763604884,0.016409952465676638,0.016342123314678263,0.016477781616675014,0.00018955223846602216,0.016409957607348445,0.016342128164529023,0.016477787050167867,0.00018955305397574482,3.5019396341096076e-08,3.3432791211245744e-08,3.660600147094641e-08,4.4338540214368885e-09,5.141671803945979e-09,4.794566537386006e-09,5.488777070505953e-09,9.70004478772888e-10,30
D_phi+gamma,0.725,0.0014621732991427637,0.0014383578142794764,0.001485988784006051,6.65536631307356e-05,0.015178467642546184,0.015129659208457632,0.015227276076634736,0.00013639781423370082,0.016640640941688947,0.016569075534948692,0.016712206348429202,0.0001999934076230955,0.01664064678485729,0.016569081432583913,0.016712212137130665,0.00019999325541244752,3.521664961962193e-08,3.35819250220427e-08,3.685137421720117e-08,4.568326481840027e-09,5.84316834466303e-09,4.9291692386436324e-09,6.757167450682428e-09,2.5542200359557147e-09,30
D_phi+gamma,0.77,0.0014756082230062233,0.0014505636360499811,0.0015006528099624655,6.99884555406898e-05,0.015400045313091618,0.01534850908043192,0.015451581545751316,0.0001440207951738241,0.01687565353609784,0.016800151133740362,0.01695115593845532,0.00021099555524091608,0.016875658683703335,0.01680015598890957,0.0169511613784971,0.00021099637246996527,3.5481187270665813e-08,3.3797585789733914e-08,3.716478875159771e-08,4.70491558125189e-09,5.147605491399402e-09,4.7991689327943245e-09,5.496042050004479e-09,9.737248465423097e-10,30
D_phi+gamma,0.8150000000000001,0.0014900319113034144,0.0014636994821118448,0.001516364340494984,7.358740046192688e-05,0.015624988265146628,0.015570576729265689,0.015679399801027567,0.00015205598585264584,0.017115020176450044,0.017035372645189402,0.017194667707710685,0.000222579342606074,0.01711502569457385,0.017035377870974956,0.01719467351817274,0.00022258015956116438,3.580415373904966e-08,3.407093064658505e-08,3.753737683151427e-08,4.8435858639234645e-09,5.518123808353111e-09,5.205118104889567e-09,5.831129511816656e-09,8.747114016739856e-10,30
D_phi+gamma,0.86,0.001505402029767343,0.001477722321950663,0.0015330817375840229,7.735244359556652e-05,0.0158533796367188,0.01579593988371877,0.01591081938971883,0.00016051850270618515,0.017358781666486144,0.01727477489281392,0.01744278844015837,0.0002347614817744035,0.01735878733115977,0.017274780195308634,0.017442794467010907,0.00023476249390299886,3.6176788902516264e-08,3.439296188902752e-08,3.796061591600501e-08,4.985001263705075e-09,5.664673628201963e-09,5.261927114585954e-09,6.067420141817972e-09,1.1254969591485437e-09,30
D_phi+gamma,0.905,0.0015216837533264785,0.0014925968430397197,0.0015507706636132372,8.128494716154448e-05,0.01608529978904879,0.016024672713566005,0.016145926864531573,0.00016942564812118756,0.017606983542375266,0.017518396770569412,0.01769557031418112,0.00024756053477184456,0.017606989287686777,0.017518402204449716,0.017695576370923838,0.00024756140508322476,3.659394653040179e-08,3.47586949439773e-08,3.8429198116826275e-08,5.128710019728884e-09,5.745311509874895e-09,5.3979936634621744e-09,6.092629356287615e-09,9.70598544692157e-10,30
D_phi+gamma,0.95,0.0015388470047899671,0.001508291934033234,0.0015694020755467003,8.538780116184929e-05,0.016320829763036233,0.01625685089166479,0.016384808634407676,0.00017879242338263667,0.0178596767678262,0.01776628296624436,0.01795307056940804,0.00026099403999783167,0.0178596840003153,0.017766288008491345,0.017953079992139256,0.0002610001607481238,5.3011831961195334e-08,2.014147481845448e-08,8.588218910393618e-08,9.185799444450097e-08,7.232489103216796e-09,4.26199159571847e-09,1.020298661071512e-08,8.301216270826095e-09,30
