portfolio,state,delta_risk_mean,delta_risk_ci_low,delta_risk_ci_high,delta_risk_sd,delta_c_mean,delta_c_ci_low,delta_c_ci_high,delta_c_sd,delta_x_l1_mean,delta_x_l1_ci_low,delta_x_l1_ci_high,delta_x_l1_sd,turnover_mean,turnover_ci_low,turnover_ci_high,turnover_sd,risk_opt_mean,risk_opt_ci_low,risk_opt_ci_high,risk_opt_sd,risk_ref_state_mean,risk_ref_state_ci_low,risk_ref_state_ci_high,risk_ref_state_sd,c_opt_mean,c_opt_ci_low,c_opt_ci_high,c_opt_sd,n_seed
Brown,0.1,-0.018331562861351007,-0.018339739900127203,-0.01832338582257481,2.2851178014717057e-05,-0.29668043881477796,-0.29668483639483567,-0.29667604123472024,1.2289275798079211e-05,1.0173205503312102,1.0173039323228112,1.017337168339609,4.643992508348739e-05,1.0173205503312102,1.0173039323228112,1.017337168339609,4.643992508348739e-05,0.04744081560961993,0.04741949476246057,0.04746213645677928,5.958226287019644e-05,0.06577237847097094,0.06574288058503541,0.06580187635690646,8.243344088485155e-05,0.32331956118522215,0.32331516360516444,0.32332395876527986,1.228927579808314e-05,30
Brown,0.5,-0.02028688602565339,-0.02030072363223546,-0.020273048419071318,3.866994152273254e-05,-0.29763806775899226,-0.2976442325470561,-0.29763190297092845,1.7227834344993447e-05,1.0209428673004546,1.0209195433161735,1.0209661912847356,6.518013811691753e-05,1.0209428673004546,1.0209195433161735,1.0209661912847356,6.518013811691753e-05,0.05253825795490354,0.052502189625722506,0.05257432628408458,0.00010079490061962712,0.07282514398055695,0.0727752380447939,0.07287504991632,0.00013946484214218398,0.3223619322410078,0.322355767452944,0.3223680970290716,1.7227834344998455e-05,30
Brown,0.9,-0.022493057515965916,-0.02251588282004552,-0.022470232211886314,6.378654926787917e-05,-0.29853089199453625,-0.2985392642484391,-0.29852251974063343,2.3396717265729986e-05,1.0243200830005679,1.0242884343654515,1.0243517316356843,8.844382603049767e-05,1.0243200830005679,1.0242884343654515,1.0243517316356843,8.844382603049767e-05,0.058287905818628534,0.05822842735060786,0.058347384286649207,0.0001662158023195299,0.08078096333459443,0.08069865956249436,0.0808632671066945,0.00023000235158685716,0.3214691080054638,0.321460735751561,0.3214774802593666,2.339671726574358e-05,30
Green,0.1,-0.0007407156963630234,-0.0007411367829317051,-0.0007402946097943417,1.176749236969043e-06,-0.056680461208593075,-0.0566848604942543,-0.05667606192293185,1.2294042199605875e-05,0.2173206568790494,0.21730401511541764,0.21733729864268114,4.650631036940177e-05,0.2173206568790494,0.21730401511541764,0.21733729864268114,4.650631036940177e-05,0.04744081560961352,0.04741949476245429,0.04746213645677275,5.958226286984607e-05,0.048181531305976535,0.04815978937224894,0.04820327323970413,6.075901210592886e-05,0.32331953879140685,0.32331513950574564,0.32332393807706805,1.2294042199609138e-05,30
Green,0.5,-0.0008416377572790348,-0.0008423534725674294,-0.0008409220419906403,2.0001051616111225e-06,-0.057638088141340645,-0.057644247417192394,-0.057631928865488895,1.721243016968224e-05,0.2209429873459482,0.22091969853809182,0.22096627615380457,6.508183569163957e-05,0.2209429873459482,0.22091969853809182,0.22096627615380457,6.508183569163957e-05,0.052538257954898644,0.05250218962571792,0.05257432628407937,0.00010079490061874581,0.05337989571217768,0.05334311166770946,0.0534166797566459,0.00010279500577785336,0.3223619118586593,0.3223557525828076,0.32236807113451105,1.7212430169684003e-05,30
Green,0.9,-0.0009559659602234434,-0.0009571509296608418,-0.000954780990786045,3.3114613122323765e-06,-0.05853085490189567,-0.05853922214967017,-0.05852248765412117,2.3382727368857532e-05,0.22431990168132318,0.2242882386431538,0.22435156471949255,8.848407614277656e-05,0.22431990168132318,0.2242882386431538,0.22435156471949255,8.848407614277656e-05,0.05828790581864578,0.05822842735062445,0.0583473842866671,0.00016621580232135588,0.059243871778869216,0.059183208341413295,0.05930453521632514,0.00016952726362575276,0.3214691450981043,0.32146077785032984,0.3214775123458788,2.3382727368847296e-05,30
Neutral,0.1,-0.006851302600747702,-0.0068544914493489,-0.006848113752146503,8.911410235707946e-06,-0.17668043535762326,-0.17668483641602167,-0.17667603429922485,1.2298996209759586e-05,0.6506538638431093,0.6506372049120158,0.6506705227742028,4.655428577155669e-05,0.6506538638431093,0.6506372049120158,0.6506705227742028,4.655428577155669e-05,0.04744081560961387,0.04741949476245382,0.04746213645677392,5.958226287214319e-05,0.05429211821036157,0.054267608514600364,0.05431662790612277,6.849367310771922e-05,0.32331956464237666,0.3233151635839782,0.3233239657007751,1.22989962097603e-05,30
Neutral,0.5,-0.0076139797668233,-0.007619378114436021,-0.007608581419210579,1.5085974967214564e-05,-0.17763807323067674,-0.1776442383164839,-0.17763190814486957,1.7228666405000547e-05,0.6542762468613439,0.6542529100734056,0.6542995836492822,6.521591863092509e-05,0.6542762468613439,0.6542529100734056,0.6542995836492822,6.521591863092509e-05,0.05253825795490261,0.05250218962572015,0.05257432628408508,0.00010079490062362732,0.060152237721725905,0.06011077104493085,0.06019370439852096,0.00011588087559046773,0.3223619267693232,0.322355761683516,0.3223680918551304,1.7228666405014808e-05,30
Neutral,0.9,-0.00847479586395734,-0.008483703327681419,-0.008465888400233261,2.4892390116965887e-05,-0.17853088474024847,-0.17853925037632157,-0.17852251910417538,2.3378223381947273e-05,0.6576534249324182,0.657621797072117,0.6576850527927194,8.838576968359795e-05,0.6576534249324182,0.657621797072117,0.6576850527927194,8.838576968359795e-05,0.05828790581862654,0.05822842735060672,0.05834738428664637,0.00016621580231717447,0.06676270168258389,0.0666943157508404,0.06683108761432738,0.00019110819243296523,0.32146911525975147,0.3214607496236784,0.32147748089582456,2.3378223381944394e-05,30
