portfolio,state,risk_ref_state_mean,risk_opt_mean,delta_risk_mean,delta_risk_min,delta_risk_max,delta_c_mean,n_seed
Brown,0.1,0.06577237847097094,0.04744081560961994,-0.018331562861351007,-0.018387725424005782,-0.018293867854303758,-0.29668043881477796,30
Brown,0.5,0.07282514398055694,0.05253825795490355,-0.020286886025653386,-0.020374501697007275,-0.02022459083268071,-0.29763806775899226,30
Brown,0.9,0.08078096333459445,0.058287905818628534,-0.022493057515965916,-0.0226710482888585,-0.02239501719356745,-0.29853089199453625,30
Green,0.1,0.048181531305976535,0.04744081560961351,-0.0007407156963630234,-0.0007436080027977549,-0.0007387746264180747,-0.056680461208593075,30
Green,0.5,0.05337989571217769,0.05253825795489865,-0.0008416377572790348,-0.0008461696925797374,-0.0008384158714706824,-0.057638088141340645,30
Green,0.9,0.05924387177886922,0.05828790581864578,-0.0009559659602234434,-0.0009652070362556053,-0.0009508766024495449,-0.058530854901895676,30
Neutral,0.1,0.05429211821036157,0.047440815609613864,-0.006851302600747702,-0.006873204744844964,-0.006836602505566496,-0.1766804353576233,30
Neutral,0.5,0.060152237721725905,0.052538257954902606,-0.007613979766823298,-0.007648160674181295,-0.007589677186827064,-0.17763807323067676,30
Neutral,0.9,0.06676270168258389,0.05828790581862654,-0.00847479586395734,-0.008544256367816132,-0.008436536349394973,-0.17853088474024845,30
