experiment,seed,state,restart,outer_iterations,inner_iterations_total,inner_final_converged,outer_converged,simplex_error,negative_error,cap_error,kkt_residual,alpha_star,rho_star
policy,101,0.08,1,272,0,1.0,1.0,0.0,0.0,0.0,1.5056485269824832e-07,0.03606596816235228,0.0017326430662230414
policy,101,0.164,1,280,0,1.0,1.0,0.0,0.0,0.0,9.61769144514751e-09,0.03680838193505984,0.0016968802574776026
policy,101,0.248,1,280,0,1.0,1.0,1.1102230246251565e-16,0.0,0.0,7.423115576107794e-08,0.037565170914912537,0.001677228124947871
policy,101,0.332,0,280,0,1.0,1.0,0.0,0.0,0.0,6.06566526507027e-07,0.03833714590678691,0.0016692965108919284
policy,101,0.41600000000000004,1,280,0,1.0,1.0,0.0,0.0,0.0,6.813952882149004e-08,0.03912498943140374,0.0016702942312361712
policy,101,0.5,0,280,0,1.0,1.0,0.0,0.0,0.0,4.007178804048667e-07,0.03992932022733158,0.001678392790490829
policy,101,0.584,1,280,0,1.0,1.0,0.0,0.0,0.0,6.08046919143378e-08,0.04075072256516385,0.0016923169971435209
policy,101,0.668,0,280,0,1.0,1.0,0.0,0.0,0.0,1.102591115261954e-07,0.04158972198373155,0.0017111683543720882
policy,101,0.752,0,280,0,1.0,1.0,0.0,0.0,0.0,3.7776902671075613e-07,0.04244684231133624,0.0017343022375682908
policy,101,0.836,1,280,0,1.0,1.0,0.0,0.0,0.0,5.063068181847318e-08,0.04332260820697214,0.0017612388574717228
policy,101,0.92,1,280,0,1.0,1.0,0.0,0.0,0.0,1.7131797503263643e-07,0.04421751982585963,0.001791623412969328
policy,202,0.08,0,280,0,1.0,1.0,0.0,0.0,0.0,2.63759732070343e-07,0.036088711458246346,0.0018013068947282916
policy,202,0.164,0,280,0,1.0,1.0,0.0,0.0,0.0,3.7733044879865703e-07,0.03683300009750565,0.0017702207547243328
policy,202,0.248,0,280,0,1.0,1.0,0.0,0.0,0.0,4.1650816657578365e-07,0.03759155203324493,0.0017561011956055488
policy,202,0.332,1,280,0,1.0,1.0,0.0,0.0,0.0,4.142160982038038e-08,0.03836515422204902,0.001754512179133118
policy,202,0.41600000000000004,1,280,0,1.0,1.0,0.0,0.0,0.0,8.91699625551687e-08,0.0391544476368643,0.0017626774529117583
policy,202,0.5,1,280,0,1.0,1.0,0.0,0.0,0.0,2.0626395930225376e-07,0.039960028884107254,0.0017787599974243165
policy,202,0.584,1,280,0,1.0,1.0,0.0,0.0,0.0,2.075054707204742e-07,0.04078240926615361,0.0018015282315717621
policy,202,0.668,0,280,0,1.0,1.0,2.220446049250313e-16,0.0,0.0,1.2005014759763876e-07,0.0416220917450072,0.0018301126824453522
policy,202,0.752,1,280,0,1.0,1.0,0.0,0.0,0.0,1.32990174552234e-07,0.04247956277994227,0.0018639044536477994
policy,202,0.836,0,280,0,1.0,1.0,1.1102230246251565e-16,0.0,0.0,2.404799372129363e-07,0.04335527262717759,0.0019024699911910233
policy,202,0.92,0,280,0,1.0,1.0,0.0,0.0,0.0,5.3094260994316785e-08,0.04424968340506714,0.0019455083393380838
policy,303,0.08,1,271,0,1.0,1.0,0.0,0.0,0.0,7.215284862583228e-08,0.03607921987546619,0.0017448282375532153
policy,303,0.164,1,280,0,1.0,1.0,0.0,0.0,0.0,1.5045608148422966e-07,0.0368230327758823,0.0017089622881419062
policy,303,0.248,1,280,0,1.0,1.0,0.0,0.0,0.0,2.6175292233812204e-07,0.03758128190374622,0.0016893238679161814
policy,303,0.332,0,280,0,1.0,1.0,0.0,0.0,0.0,6.113821366295491e-07,0.038354751449853564,0.0016815078075112784
policy,303,0.41600000000000004,1,280,0,1.0,1.0,0.0,0.0,0.0,1.2826757607688726e-07,0.039144170902304966,0.0016827133768474213
policy,303,0.5,0,280,0,1.0,1.0,0.0,0.0,0.0,3.2166209291066116e-07,0.03995012149615183,0.0016910923379140107
policy,303,0.584,0,280,0,1.0,1.0,0.0,0.0,0.0,1.46115435016139e-07,0.04077321043060688,0.001705355018819944
policy,303,0.668,1,280,0,1.0,1.0,0.0,0.0,0.0,3.940656196342087e-07,0.041613957928951215,0.0017246102070808868
policy,303,0.752,1,280,0,1.0,1.0,0.0,0.0,0.0,1.4370972565954704e-07,0.042472907346443475,0.0017482002066747588
policy,303,0.836,1,280,0,1.0,1.0,1.1102230246251565e-16,0.0,0.0,1.652960479545401e-07,0.0433505702719209,0.0017756438618919514
policy,303,0.92,1,280,0,1.0,1.0,0.0,0.0,0.0,1.0656116246107903e-07,0.044247446237517446,0.0018065902803217188
policy,404,0.08,1,262,0,1.0,1.0,0.0,0.0,0.0,1.7903769950187794e-07,0.036128962542634396,0.0018300515714772098
policy,404,0.164,1,280,0,1.0,1.0,0.0,0.0,0.0,7.679770940382214e-08,0.03687801921876103,0.0017968516494181938
policy,404,0.248,0,280,0,1.0,1.0,0.0,0.0,0.0,1.4831382568114344e-07,0.03764164098618275,0.0017807451598672343
policy,404,0.332,0,280,0,1.0,1.0,0.0,0.0,0.0,8.682187747244319e-08,0.03842064255186409,0.0017772077015705393
policy,404,0.41600000000000004,1,280,0,1.0,1.0,0.0,0.0,0.0,5.8663210427150643e-08,0.03921572260531657,0.001783367506995041
policy,404,0.5,1,280,0,1.0,1.0,0.0,0.0,0.0,3.616481949013942e-07,0.040027507580398275,0.001797333026304972
policy,404,0.584,1,280,0,1.0,1.0,0.0,0.0,0.0,2.5866643326591414e-07,0.04085654452442904,0.0018178241316284343
policy,404,0.668,0,280,0,1.0,1.0,0.0,0.0,0.0,2.883899438686219e-07,0.041703382600436885,0.0018439267262613153
policy,404,0.752,0,280,0,1.0,1.0,2.220446049250313e-16,0.0,0.0,1.1541050767529302e-07,0.04256855918078988,0.001874990190354711
policy,404,0.836,1,280,0,1.0,1.0,0.0,0.0,0.0,3.505305752478914e-08,0.043452569517772315,0.0019105515074488088
policy,404,0.92,1,280,0,1.0,1.0,0.0,0.0,0.0,2.2461665023684815e-07,0.044355922318949206,0.0019502682212296288
policy,505,0.08,1,268,0,1.0,1.0,0.0,0.0,0.0,8.35370159175408e-08,0.03612130718886251,0.0017737785163600102
policy,505,0.164,0,280,0,1.0,1.0,0.0,0.0,0.0,1.9998513541087153e-07,0.03686974413869083,0.001736477589072522
policy,505,0.248,1,280,0,1.0,1.0,0.0,0.0,0.0,9.605013820228447e-08,0.03763277746383575,0.0017157355705326243
policy,505,0.332,1,280,0,1.0,1.0,0.0,0.0,0.0,1.229981091034585e-07,0.03841126848483569,0.0017070094985652347
policy,505,0.41600000000000004,1,280,0,1.0,1.0,0.0,0.0,0.0,7.174836623041474e-08,0.03920591667078533,0.0017074480763060716
policy,505,0.5,0,280,0,1.0,1.0,0.0,0.0,0.0,7.130109715156332e-08,0.04001735914245347,0.0017151575493058384
policy,505,0.584,0,280,0,1.0,1.0,0.0,0.0,0.0,9.973516764231456e-08,0.04084617402347431,0.0017288403502447973
policy,505,0.668,1,280,0,1.0,1.0,0.0,0.0,0.0,4.374389468100293e-07,0.041692912641133846,0.0017475753218666253
policy,505,0.752,1,280,0,1.0,1.0,1.1102230246251565e-16,0.0,0.0,5.238623856136387e-08,0.0425581461813477,0.001770678637479735
policy,505,0.836,1,280,0,1.0,1.0,0.0,0.0,0.0,3.7166702390022305e-08,0.043442374242887535,0.0017976699478486609
policy,505,0.92,1,280,0,1.0,1.0,0.0,0.0,0.0,7.785526407980381e-08,0.044346132236692606,0.0018281789894336602
policy,606,0.08,0,274,0,1.0,1.0,0.0,0.0,0.0,1.1274523525556383e-06,0.03610308234200063,0.0018138899008562264
policy,606,0.164,1,280,0,1.0,1.0,0.0,0.0,0.0,1.8644590040368125e-07,0.03684887468958485,0.0017827113179583272
policy,606,0.248,0,280,0,1.0,1.0,0.0,0.0,0.0,2.244047805460091e-07,0.03760892222403734,0.001768695639058029
policy,606,0.332,1,280,0,1.0,1.0,0.0,0.0,0.0,8.014682602448105e-08,0.038384008541690155,0.0017674166318035556
policy,606,0.41600000000000004,1,280,0,1.0,1.0,0.0,0.0,0.0,2.3466405659798608e-07,0.039174789329465685,0.0017760578577299775
policy,606,0.5,0,280,0,1.0,1.0,2.220446049250313e-16,0.0,0.0,3.4889064347138225e-07,0.03998182358815656,0.001792805580611792
policy,606,0.584,1,280,0,1.0,1.0,0.0,0.0,0.0,6.704519483925521e-07,0.040805637433492144,0.0018164240034582318
policy,606,0.668,0,280,0,1.0,1.0,0.0,0.0,0.0,8.188030096726073e-08,0.04164667092517543,0.0018460624634410504
policy,606,0.752,1,280,0,1.0,1.0,1.1102230246251565e-16,0.0,0.0,9.30358252373288e-08,0.042505410097630404,0.0018811261206197832
policy,606,0.836,1,280,0,1.0,1.0,1.1102230246251565e-16,0.0,0.0,3.531862716598931e-08,0.043382284555117875,0.0019211948641042968
policy,606,0.92,0,280,0,1.0,1.0,0.0,0.0,0.0,6.383345260387258e-08,0.04427772325700629,0.001965981065657237
policy,707,0.08,1,270,0,1.0,1.0,0.0,0.0,0.0,7.813451273469796e-08,0.03611222993094804,0.0017773662129560296
policy,707,0.164,0,280,0,1.0,1.0,0.0,0.0,0.0,9.359486121997959e-08,0.0368592886670612,0.0017419807469892252
policy,707,0.248,0,280,0,1.0,1.0,0.0,0.0,0.0,3.978621019339981e-08,0.0376207787605236,0.001723338519690762
policy,707,0.332,0,280,0,1.0,1.0,0.0,0.0,0.0,2.3298396732227981e-07,0.038397524798350034,0.0017169365002103372
policy,707,0.41600000000000004,1,280,0,1.0,1.0,0.0,0.0,0.0,1.296522792585718e-07,0.03919017714269222,0.0017199812537812883
policy,707,0.5,0,280,0,1.0,1.0,0.0,0.0,0.0,6.963161610554902e-08,0.039999367229956506,0.0017305874023764358
policy,707,0.584,1,280,0,1.0,1.0,0.0,0.0,0.0,7.034580889390087e-08,0.04082561482357655,0.0017475114890718423
policy,707,0.668,1,280,0,1.0,1.0,1.1102230246251565e-16,0.0,0.0,3.064219085925473e-07,0.04166945419286806,0.0017698445593418404
policy,707,0.752,1,280,0,1.0,1.0,0.0,0.0,0.0,2.3787037318339084e-07,0.042531393694100916,0.001796957082930177
policy,707,0.836,0,280,0,1.0,1.0,0.0,0.0,0.0,6.936628487662129e-08,0.04341187999152863,0.0018284049126624873
policy,707,0.92,1,280,0,1.0,1.0,0.0,0.0,0.0,1.2581974220082753e-07,0.0443114238311945,0.0018638437495108976
policy,808,0.08,0,280,0,1.0,1.0,0.0,0.0,0.0,1.6013282689092287e-06,0.03607423974008245,0.0017302943403651415
policy,808,0.164,0,280,0,1.0,1.0,0.0,0.0,0.0,1.3877370205255775e-08,0.03681742968043382,0.0016939805293342263
policy,808,0.248,0,280,0,1.0,1.0,0.0,0.0,0.0,2.6843344101196086e-07,0.037574963000020264,0.0016738397516788987
policy,808,0.332,1,280,0,1.0,1.0,0.0,0.0,0.0,8.697004272533055e-08,0.03834768051002403,0.0016654370371921925
policy,808,0.41600000000000004,0,280,0,1.0,1.0,0.0,0.0,0.0,1.5367939395090775e-07,0.039136276827454596,0.0016659953646502848
policy,808,0.5,0,280,0,1.0,1.0,0.0,0.0,0.0,1.8648234225954933e-07,0.03994135289418701,0.0016736729138617703
policy,808,0.584,1,280,0,1.0,1.0,0.0,0.0,0.0,3.057588638865668e-08,0.04076349324597944,0.0016871945088040676
policy,808,0.668,1,280,0,1.0,1.0,0.0,0.0,0.0,5.923135995173764e-08,0.04160322551489126,0.001705663511723637
policy,808,0.752,1,280,0,1.0,1.0,0.0,0.0,0.0,8.419231556077518e-08,0.04246107873566649,0.0017284266730538645
policy,808,0.836,0,280,0,1.0,1.0,0.0,0.0,0.0,2.1199201774487465e-07,0.04333756054127706,0.0017550119804263583
policy,808,0.92,0,280,0,1.0,1.0,0.0,0.0,0.0,5.2332174180338864e-08,0.0442331789307154,0.0017850561797606787
policy,909,0.08,1,270,0,1.0,1.0,0.0,0.0,0.0,1.247663839109177e-07,0.036126551580691585,0.0017678781050098557
policy,909,0.164,0,280,0,1.0,1.0,1.1102230246251565e-16,0.0,0.0,4.5976677383194034e-08,0.03687554125903226,0.0017297220891439081
policy,909,0.248,1,280,0,1.0,1.0,0.0,0.0,0.0,7.852500499410624e-08,0.03763916134735116,0.0017080777436980043
policy,909,0.332,1,280,0,1.0,1.0,0.0,0.0,0.0,9.115418586928149e-08,0.03841825866459388,0.0016984105997767756
policy,909,0.41600000000000004,0,280,0,1.0,1.0,0.0,0.0,0.0,2.7788466010410725e-07,0.0392135382911391,0.0016978608843304839
policy,909,0.5,0,280,0,1.0,1.0,0.0,0.0,0.0,1.1808422614404424e-07,0.04002564046521219,0.001704534533760365
policy,909,0.584,0,280,0,1.0,1.0,0.0,0.0,0.0,1.6019357889273582e-07,0.04085515400887813,0.0017171152325495737
policy,909,0.668,1,280,0,1.0,1.0,0.0,0.0,0.0,1.1419999981671417e-07,0.04170263659307642,0.0017346820269216997
policy,909,0.752,0,280,0,1.0,1.0,0.0,0.0,0.0,9.507085401654509e-08,0.04256862342260997,0.0017565638681780987
policy,909,0.836,1,280,0,1.0,1.0,0.0,0.0,0.0,4.5812104621616384e-08,0.04345365378213441,0.0017822617799521112
policy,909,0.92,1,280,0,1.0,1.0,1.1102230246251565e-16,0.0,0.0,5.501538724292546e-08,0.04435825065012192,0.0018114078422573196
policy,1010,0.08,0,280,0,1.0,1.0,0.0,0.0,0.0,1.0279042110366154e-06,0.03609447288183189,0.0017901608041337941
policy,1010,0.164,1,280,0,1.0,1.0,1.1102230246251565e-16,0.0,0.0,1.2588192266869715e-07,0.036839722829968224,0.0017569578296185858
policy,1010,0.248,1,280,0,1.0,1.0,0.0,0.0,0.0,9.356839343484253e-08,0.03759939862441095,0.0017404721274727596
policy,1010,0.332,1,280,0,1.0,1.0,0.0,0.0,0.0,1.3752369046020747e-07,0.03837430092798211,0.0017362402917365234
policy,1010,0.41600000000000004,1,280,0,1.0,1.0,0.0,0.0,0.0,2.975083961994038e-08,0.03916510339570929,0.0017414582247098236
policy,1010,0.5,1,280,0,1.0,1.0,0.0,0.0,0.0,2.2764069437451098e-07,0.0399724404808064,0.0017542484024218302
policy,1010,0.584,0,280,0,1.0,1.0,0.0,0.0,0.0,1.9373794669180902e-07,0.040796863920393875,0.0017733438807536687
policy,1010,0.668,1,280,0,1.0,1.0,0.0,0.0,0.0,2.5596322297546054e-08,0.04163891182114101,0.001797850063061243
policy,1010,0.752,0,280,0,1.0,1.0,0.0,0.0,0.0,7.811321429227818e-08,0.042499104572569515,0.0018271232679895424
policy,1010,0.836,0,280,0,1.0,1.0,2.220446049250313e-16,0.0,0.0,1.3121267444155206e-07,0.04337795483218701,0.0018606889007542866
policy,1010,0.92,1,280,0,1.0,1.0,1.1102230246251565e-16,0.0,0.0,6.269958817100614e-08,0.04427596706494235,0.0018982089510669435
policy,1111,0.08,0,280,0,1.0,1.0,1.1102230246251565e-16,0.0,0.0,4.856954665689614e-07,0.03611257716197912,0.0017787201809750445
policy,1111,0.164,1,280,0,1.0,1.0,2.220446049250313e-16,0.0,0.0,1.8461543211138763e-07,0.036859939330054506,0.0017428162703554749
policy,1111,0.248,1,280,0,1.0,1.0,1.1102230246251565e-16,0.0,0.0,1.0625481336195768e-07,0.03762183202766105,0.001723526886030521
policy,1111,0.332,1,280,0,1.0,1.0,0.0,0.0,0.0,1.9267030978757367e-07,0.03839908284068781,0.0017163584247153884
policy,1111,0.41600000000000004,1,280,0,1.0,1.0,1.1102230246251565e-16,0.0,0.0,5.6444379325564615e-08,0.03919238914189077,0.0017184651210510118
policy,1111,0.5,0,280,0,1.0,1.0,0.0,0.0,0.0,2.523364560293068e-07,0.04000237141974901,0.0017279800594581316
policy,1111,0.584,0,280,0,1.0,1.0,0.0,0.0,0.0,7.51468178517342e-08,0.04082961236702559,0.001743595944081462
policy,1111,0.668,1,280,0,1.0,1.0,0.0,0.0,0.0,2.0566271604736487e-07,0.0416746400023235,0.001764422747973268
policy,1111,0.752,0,280,0,1.0,1.0,0.0,0.0,0.0,7.58376659939778e-08,0.04253800288251823,0.0017897902738436898
policy,1111,0.836,1,280,0,1.0,1.0,0.0,0.0,0.0,2.115778915936095e-07,0.04342020107751134,0.0018192269229872992
policy,1111,0.92,0,280,0,1.0,1.0,0.0,0.0,0.0,1.5756673215501445e-07,0.04432174051134958,0.0018523782634698638
policy,1212,0.08,0,280,0,1.0,1.0,1.1102230246251565e-16,0.0,0.0,5.185477229686065e-07,0.03607014480460803,0.0017775456822980026
policy,1212,0.164,0,280,0,1.0,1.0,0.0,0.0,0.0,7.025823502897338e-08,0.03681282844605989,0.0017453203224266714
policy,1212,0.248,1,280,0,1.0,1.0,1.1102230246251565e-16,0.0,0.0,4.776211931198937e-08,0.03756981236567562,0.0017296764489441669
policy,1212,0.332,0,280,0,1.0,1.0,0.0,0.0,0.0,4.3284797906431316e-08,0.03834189689569324,0.0017262050020605815
policy,1212,0.41600000000000004,1,280,0,1.0,1.0,0.0,0.0,0.0,2.709393311183843e-08,0.03912976788248808,0.0017321187821373676
policy,1212,0.5,1,280,0,1.0,1.0,0.0,0.0,0.0,1.9877084942478282e-07,0.03993401269984113,0.0017455930599647477
policy,1212,0.584,1,280,0,1.0,1.0,2.220446049250313e-16,0.0,0.0,7.403292013275546e-08,0.04075519765526932,0.0017653683802672795
policy,1212,0.668,0,280,0,1.0,1.0,0.0,0.0,0.0,1.2515163583853364e-07,0.041593834452838596,0.0017905679991182426
policy,1212,0.752,0,280,0,1.0,1.0,0.0,0.0,0.0,9.722082401804326e-08,0.04245042420316723,0.0018205674145287257
policy,1212,0.836,0,280,0,1.0,1.0,0.0,0.0,0.0,1.1459528245024075e-07,0.043325464063780565,0.0018549072271013916
policy,1212,0.92,0,280,0,1.0,1.0,0.0,0.0,0.0,1.439954910002188e-07,0.0442194437039353,0.0018932589765806513
policy,1313,0.08,0,280,0,1.0,1.0,0.0,0.0,0.0,5.385426398154458e-07,0.03613697282167861,0.0018198623124623676
policy,1313,0.164,0,280,0,1.0,1.0,0.0,0.0,0.0,2.134229611147967e-07,0.0368870796964387,0.0017848079360090455
policy,1313,0.248,0,280,0,1.0,1.0,0.0,0.0,0.0,6.695231361973719e-07,0.037651852239360725,0.0017667159842483023
policy,1313,0.332,0,280,0,1.0,1.0,0.0,0.0,0.0,4.2947263498894735e-07,0.03843210731601144,0.0017610121582614432
policy,1313,0.41600000000000004,1,280,0,1.0,1.0,0.0,0.0,0.0,8.518353750849262e-08,0.03922858819644446,0.0017648206923503815
policy,1313,0.5,0,280,0,1.0,1.0,0.0,0.0,0.0,8.209079468643742e-08,0.040041899971092115,0.0017762372640786203
policy,1313,0.584,1,280,0,1.0,1.0,0.0,0.0,0.0,4.140935730586221e-08,0.04087264321797411,0.00179394954669581
policy,1313,0.668,1,280,0,1.0,1.0,1.1102230246251565e-16,0.0,0.0,7.787542618858513e-08,0.041721370710043566,0.0018170333887666593
policy,1313,0.752,0,280,0,1.0,1.0,0.0,0.0,0.0,9.649585465094772e-08,0.04258862718546849,0.0018448231401239962
policy,1313,0.836,0,280,0,1.0,1.0,0.0,0.0,0.0,1.4322554124812831e-07,0.04347492074751269,0.0018768478457963894
policy,1313,0.92,1,280,0,1.0,1.0,0.0,0.0,0.0,1.3622301924179106e-07,0.044380799797021725,0.001912733991683034
policy,1414,0.08,0,268,0,1.0,1.0,0.0,0.0,0.0,9.354002268917105e-07,0.03612955130658785,0.0018551298155565091
policy,1414,0.164,0,280,0,1.0,1.0,2.220446049250313e-16,0.0,0.0,3.848379188845873e-08,0.036878253959810106,0.0018247176127891536
policy,1414,0.248,1,280,0,1.0,1.0,0.0,0.0,0.0,1.0278435867461478e-07,0.037641383995727175,0.001811791268360993
policy,1414,0.332,0,280,0,1.0,1.0,0.0,0.0,0.0,6.235602095565485e-08,0.03841974599892925,0.0018117931674735853
policy,1414,0.41600000000000004,0,280,0,1.0,1.0,0.0,0.0,0.0,1.0427673482935241e-07,0.03921400082306027,0.001821892328833236
policy,1414,0.5,0,280,0,1.0,1.0,0.0,0.0,0.0,2.5953936750018454e-07,0.04002477169053698,0.0018401837894231423
policy,1414,0.584,0,280,0,1.0,1.0,0.0,0.0,0.0,7.34145434016862e-08,0.04085257170481797,0.0018654398716188984
policy,1414,0.668,1,280,0,1.0,1.0,1.1102230246251565e-16,0.0,0.0,5.5999410396999335e-08,0.041697939310041406,0.001896744539021023
policy,1414,0.752,1,280,0,1.0,1.0,0.0,0.0,0.0,1.6102163304268794e-07,0.04256134865711055,0.0019334907629784239
policy,1414,0.836,1,280,0,1.0,1.0,1.1102230246251565e-16,0.0,0.0,2.801875472194225e-07,0.04344328832960983,0.001975231243577913
policy,1414,0.92,1,280,0,1.0,1.0,0.0,0.0,0.0,4.8837754647555634e-08,0.04434427215113128,0.0020216271827122865
policy,1515,0.08,0,273,0,1.0,1.0,0.0,0.0,0.0,4.7566409189946903e-07,0.03613709429443169,0.001830404393551107
policy,1515,0.164,1,280,0,1.0,1.0,0.0,0.0,0.0,7.98254621733349e-08,0.036886745919087714,0.0017972132972727264
policy,1515,0.248,0,280,0,1.0,1.0,0.0,0.0,0.0,1.357662054844776e-07,0.037650874505727114,0.001781297765984639
policy,1515,0.332,0,280,0,1.0,1.0,0.0,0.0,0.0,5.019172769585963e-08,0.03843028001475295,0.0017781437189038857
policy,1515,0.41600000000000004,0,280,0,1.0,1.0,0.0,0.0,0.0,1.2275916721871422e-07,0.03922563196110124,0.0017848977208698468
policy,1515,0.5,1,280,0,1.0,1.0,0.0,0.0,0.0,6.563941325550917e-08,0.04003751671999669,0.0017996972613950044
policy,1515,0.584,0,280,0,1.0,1.0,0.0,0.0,0.0,3.2609405302019826e-07,0.040866463007487364,0.0018212830235210533
policy,1515,0.668,0,280,0,1.0,1.0,0.0,0.0,0.0,1.497158882800147e-07,0.04171296612683082,0.0018487677071113823
policy,1515,0.752,0,280,0,1.0,1.0,0.0,0.0,0.0,1.9789940081012194e-07,0.04257750916184193,0.001881541065145336
policy,1515,0.836,0,280,0,1.0,1.0,0.0,0.0,0.0,4.048028842575781e-08,0.04346054873106939,0.001919169193013016
policy,1515,0.92,0,280,0,1.0,1.0,0.0,0.0,0.0,4.7885552958574295e-08,0.04436253274960237,0.0019613441354869657
policy,1616,0.08,1,271,0,1.0,1.0,0.0,0.0,0.0,1.477504995631879e-07,0.03607921793604606,0.001742017129869586
policy,1616,0.164,1,280,0,1.0,1.0,0.0,0.0,0.0,2.963796427908053e-07,0.03682288667216248,0.00170625684194339
policy,1616,0.248,1,280,0,1.0,1.0,2.220446049250313e-16,0.0,0.0,5.13314443779294e-07,0.037580946616795036,0.0016867515539762134
policy,1616,0.332,0,280,0,1.0,1.0,0.0,0.0,0.0,5.714796117654401e-07,0.03835421168286163,0.0016790854240665053
policy,1616,0.41600000000000004,1,280,0,1.0,1.0,0.0,0.0,0.0,1.3581543468706745e-07,0.03914336142192852,0.0016804883903248976
policy,1616,0.5,0,280,0,1.0,1.0,0.0,0.0,0.0,3.2318982321018224e-07,0.039948985836546845,0.0016891112124704348
policy,1616,0.584,0,280,0,1.0,1.0,0.0,0.0,0.0,1.3646857552119438e-07,0.040771684335938474,0.001703670879625946
policy,1616,0.668,0,280,0,1.0,1.0,0.0,0.0,0.0,4.274248489296041e-07,0.04161196678083629,0.0017232840049587015
policy,1616,0.752,1,280,0,1.0,1.0,1.1102230246251565e-16,0.0,0.0,1.0252078353975519e-07,0.0424703709720497,0.001747298099274783
policy,1616,0.836,1,280,0,1.0,1.0,0.0,0.0,0.0,4.48996518027328e-08,0.04334739047632436,0.0017752400239242087
policy,1616,0.92,1,280,0,1.0,1.0,2.220446049250313e-16,0.0,0.0,8.22970708640135e-08,0.04424353273221811,0.0018067615502056504
policy,1717,0.08,0,280,0,1.0,1.0,2.220446049250313e-16,0.0,0.0,6.121540706238785e-07,0.036087164717746666,0.0017521470754904513
policy,1717,0.164,0,280,0,1.0,1.0,0.0,0.0,0.0,2.132662772238201e-07,0.03683175932151552,0.0017163453118379747
policy,1717,0.248,1,280,0,1.0,1.0,0.0,0.0,0.0,1.5130985611846458e-07,0.037590790547934086,0.0016968950727370283
policy,1717,0.332,0,280,0,1.0,1.0,2.220446049250313e-16,0.0,0.0,3.69717568769049e-07,0.03836508094312891,0.0016893419570588029
policy,1717,0.41600000000000004,1,280,0,1.0,1.0,0.0,0.0,0.0,7.401071621241127e-08,0.039155301597641745,0.0016908914305256248
policy,1717,0.5,0,280,0,1.0,1.0,0.0,0.0,0.0,8.673160166515856e-08,0.03996208358282596,0.0016996826183566642
policy,1717,0.584,0,280,0,1.0,1.0,0.0,0.0,0.0,8.276956600192441e-08,0.040786018661261476,0.0017144172978695344
policy,1717,0.668,1,280,0,1.0,1.0,0.0,0.0,0.0,8.26540597212852e-08,0.04162761787238939,0.0017342220496162422
policy,1717,0.752,1,280,0,1.0,1.0,0.0,0.0,0.0,3.2431538239477344e-08,0.042487427341559095,0.0017584235170281044
policy,1717,0.836,1,280,0,1.0,1.0,0.0,0.0,0.0,6.697476007013236e-08,0.04336595981417246,0.0017865467625745547
policy,1717,0.92,1,280,0,1.0,1.0,0.0,0.0,0.0,3.252992210431155e-08,0.044263725362195395,0.0018182363829621975
policy,1818,0.08,0,269,0,1.0,1.0,1.1102230246251565e-16,0.0,0.0,1.9367102242270008e-07,0.036175874208615774,0.001861053116650466
policy,1818,0.164,0,280,0,1.0,1.0,2.220446049250313e-16,0.0,0.0,3.200832032483941e-08,0.03693012450514416,0.001826065682564833
policy,1818,0.248,1,280,0,1.0,1.0,1.1102230246251565e-16,0.0,0.0,6.588716970809995e-08,0.03769912256071315,0.0018085599054728351
policy,1818,0.332,0,280,0,1.0,1.0,0.0,0.0,0.0,5.835117394594585e-07,0.038483708356208964,0.0018038950301008283
policy,1818,0.41600000000000004,0,280,0,1.0,1.0,0.0,0.0,0.0,1.6279766329016386e-07,0.039284565858302894,0.0018091498248189659
policy,1818,0.5,1,280,0,1.0,1.0,0.0,0.0,0.0,3.3022652717137446e-08,0.04010232563964338,0.0018224161554087855
policy,1818,0.584,0,280,0,1.0,1.0,0.0,0.0,0.0,2.3065007384120413e-07,0.040937529889850534,0.0018423964385019518
policy,1818,0.668,0,280,0,1.0,1.0,0.0,0.0,0.0,8.771385338400167e-08,0.04179071151997687,0.0018681833350142074
policy,1818,0.752,0,280,0,1.0,1.0,0.0,0.0,0.0,1.289800605946161e-07,0.04266236319187936,0.0018991376441168334
policy,1818,0.836,0,280,0,1.0,1.0,1.1102230246251565e-16,0.0,0.0,6.672069221891801e-08,0.043552972061988195,0.001934806195696151
policy,1818,0.92,0,280,0,1.0,1.0,0.0,0.0,0.0,1.5712536762153052e-07,0.04446301454704099,0.0019748626360031186
policy,1919,0.08,0,280,0,1.0,1.0,0.0,0.0,0.0,1.0572904415055911e-07,0.036103185321202054,0.0017742814307878454
policy,1919,0.164,0,280,0,1.0,1.0,0.0,0.0,0.0,2.1464061060845186e-07,0.036849517111728645,0.0017388463135870203
policy,1919,0.248,1,280,0,1.0,1.0,0.0,0.0,0.0,1.0945010232776454e-07,0.037610336259806414,0.001719986458384091
policy,1919,0.332,0,280,0,1.0,1.0,0.0,0.0,0.0,5.476135286232959e-07,0.03838646493290304,0.001713198144870417
policy,1919,0.41600000000000004,1,280,0,1.0,1.0,1.1102230246251565e-16,0.0,0.0,6.926918750219959e-08,0.03917861712079287,0.001715665427956291
policy,1919,0.5,1,280,0,1.0,1.0,0.0,0.0,0.0,6.655928461909275e-08,0.039987400210121475,0.0017255086178762078
policy,1919,0.584,0,280,0,1.0,1.0,0.0,0.0,0.0,7.166804335510255e-08,0.04081339602351479,0.0017414421879060023
policy,1919,0.668,0,280,0,1.0,1.0,0.0,0.0,0.0,8.570197465262156e-08,0.04165714119302622,0.0017625651768541307
policy,1919,0.752,0,280,0,1.0,1.0,1.1102230246251565e-16,0.0,0.0,1.3763328557369242e-07,0.04251916787569175,0.0017882213793020457
policy,1919,0.836,0,280,0,1.0,1.0,0.0,0.0,0.0,3.771988384729378e-07,0.043400002953862836,0.0018179218454850337
policy,1919,0.92,0,280,0,1.0,1.0,0.0,0.0,0.0,1.5852448501459574e-07,0.044300144418878064,0.0018513169036066357
policy,2020,0.08,0,280,0,1.0,1.0,0.0,0.0,0.0,2.2137624662983977e-06,0.03610898987839604,0.001800979675166989
policy,2020,0.164,0,280,0,1.0,1.0,0.0,0.0,0.0,4.997355607078651e-08,0.03685549657747986,0.00176806487200629
policy,2020,0.248,0,280,0,1.0,1.0,0.0,0.0,0.0,1.0324041167363675e-07,0.03761637946717563,0.0017521528487698488
policy,2020,0.332,1,280,0,1.0,1.0,0.0,0.0,0.0,1.584051592210477e-07,0.03839242525909529,0.0017487492687875675
policy,2020,0.41600000000000004,1,280,0,1.0,1.0,1.1102230246251565e-16,0.0,0.0,9.969986276592237e-08,0.03918429003883124,0.0017550482230126048
policy,2020,0.5,0,280,0,1.0,1.0,0.0,0.0,0.0,9.194387832438253e-08,0.039992567870326574,0.0017692008075390966
policy,2020,0.584,0,280,0,1.0,1.0,0.0,0.0,0.0,8.236541698473573e-08,0.04081780201507509,0.0017899440414794491
policy,2020,0.668,0,280,0,1.0,1.0,0.0,0.0,0.0,1.4505344151283843e-07,0.041660480935082116,0.0018164127763004654
policy,2020,0.752,0,280,0,1.0,1.0,2.220446049250313e-16,0.0,0.0,1.1141271653727548e-07,0.04252111202193493,0.0018479702376078973
policy,2020,0.836,0,280,0,1.0,1.0,0.0,0.0,0.0,9.999779904020773e-08,0.04340016201169201,0.0018841762398788325
policy,2020,0.92,0,280,0,1.0,1.0,2.220446049250313e-16,0.0,0.0,8.506449303427952e-08,0.044298106640711744,0.0019247067721483622
policy,2121,0.08,0,280,0,1.0,1.0,0.0,0.0,0.0,1.2638573500338861e-06,0.03608490683044509,0.001754899868903304
policy,2121,0.164,0,280,0,1.0,1.0,0.0,0.0,0.0,4.291796772546244e-07,0.036829360425038586,0.0017192357105139978
policy,2121,0.248,1,280,0,1.0,1.0,0.0,0.0,0.0,6.693574547855129e-08,0.03758827720193539,0.001699914959628784
policy,2121,0.332,1,280,0,1.0,1.0,0.0,0.0,0.0,7.749519101118406e-08,0.038362471215871254,0.0016924636630372095
policy,2121,0.41600000000000004,0,280,0,1.0,1.0,0.0,0.0,0.0,9.446920670950098e-08,0.039152622509798306,0.0016941033278557445
policy,2121,0.5,0,280,0,1.0,1.0,2.220446049250313e-16,0.0,0.0,3.8132907004489667e-07,0.03995935353642327,0.0017029653058689136
policy,2121,0.584,0,280,0,1.0,1.0,0.0,0.0,0.0,4.2549173446173764e-07,0.04078325346363759,0.001717764836325958
policy,2121,0.668,1,280,0,1.0,1.0,0.0,0.0,0.0,6.659894845422233e-08,0.041624863556013185,0.0017376049192470685
policy,2121,0.752,1,280,0,1.0,1.0,0.0,0.0,0.0,9.036344913539002e-08,0.04248469848502082,0.0017618324406524998
policy,2121,0.836,0,280,0,1.0,1.0,0.0,0.0,0.0,3.7448005628263117e-07,0.04336327999802849,0.0017899709186833537
policy,2121,0.92,1,280,0,1.0,1.0,0.0,0.0,0.0,7.434385226526134e-08,0.04426112323413932,0.0018216543078936078
policy,2222,0.08,0,279,0,1.0,1.0,0.0,0.0,0.0,1.504409634166305e-07,0.03611602746941004,0.0017907959371518645
policy,2222,0.164,0,280,0,1.0,1.0,0.0,0.0,0.0,2.909236284438767e-07,0.03686391501570681,0.0017551700083344708
policy,2222,0.248,1,280,0,1.0,1.0,0.0,0.0,0.0,5.226364611236144e-08,0.03762639209656975,0.0017362131732094057
policy,2222,0.332,0,280,0,1.0,1.0,0.0,0.0,0.0,2.1040953046992944e-07,0.038404296115134934,0.0017293890000319194
policy,2222,0.41600000000000004,1,280,0,1.0,1.0,0.0,0.0,0.0,5.5247830345437564e-08,0.039198335849574814,0.0017318566503340656
policy,2222,0.5,1,280,0,1.0,1.0,0.0,0.0,0.0,2.0057927127468592e-07,0.04000914645754264,0.001741717197752708
policy,2222,0.584,1,280,0,1.0,1.0,0.0,0.0,0.0,9.735589988207692e-08,0.04083729202278425,0.001757686197834906
policy,2222,0.668,1,280,0,1.0,1.0,1.1102230246251565e-16,0.0,0.0,2.52625891130591e-07,0.04168335723182209,0.0017788233402291846
policy,2222,0.752,0,280,0,1.0,1.0,0.0,0.0,0.0,1.0328717685297962e-07,0.04254788414671795,0.0018044663504664608
policy,2222,0.836,0,280,0,1.0,1.0,0.0,0.0,0.0,1.8615737081548977e-07,0.04343137586269826,0.0018341429607749771
policy,2222,0.92,0,280,0,1.0,1.0,0.0,0.0,0.0,1.385604931542901e-07,0.044334382788766606,0.0018674758526573331
policy,2323,0.08,0,280,0,1.0,1.0,1.1102230246251565e-16,0.0,0.0,8.901594882466683e-07,0.03607487672502599,0.0017389476053320692
policy,2323,0.164,0,280,0,1.0,1.0,0.0,0.0,0.0,9.085514353089769e-07,0.03681792009139665,0.0017036877535293968
policy,2323,0.248,1,280,0,1.0,1.0,1.1102230246251565e-16,0.0,0.0,2.4984797550272913e-07,0.03757526066518939,0.0016847428588560587
policy,2323,0.332,0,280,0,1.0,1.0,0.0,0.0,0.0,8.633309659247379e-07,0.03834770615047168,0.0016777052266417536
policy,2323,0.41600000000000004,1,280,0,1.0,1.0,0.0,0.0,0.0,6.395818879936436e-08,0.039135959711261756,0.0016798035695929348
policy,2323,0.5,0,280,0,1.0,1.0,0.0,0.0,0.0,3.852022931739187e-07,0.03994057648715934,0.0016892109273302178
policy,2323,0.584,0,280,0,1.0,1.0,0.0,0.0,0.0,2.719664558650796e-08,0.04076214006714797,0.0017046630091247764
policy,2323,0.668,1,280,0,1.0,1.0,1.1102230246251565e-16,0.0,0.0,4.5749668254524576e-08,0.04160115017034412,0.0017252841756904367
policy,2323,0.752,0,280,0,1.0,1.0,0.0,0.0,0.0,1.97987869913243e-07,0.04245811258414854,0.0017504415759119695
policy,2323,0.836,1,280,0,1.0,1.0,1.1102230246251565e-16,0.0,0.0,4.720480731251657e-08,0.043333510850670685,0.0017796746828467216
policy,2323,0.92,1,280,0,1.0,1.0,0.0,0.0,0.0,2.0355276007011688e-07,0.04422783551982796,0.0018126446478112003
policy,2424,0.08,1,247,0,1.0,1.0,0.0,0.0,0.0,9.766643011094011e-08,0.03612347191898567,0.001926241976513273
policy,2424,0.164,0,280,0,1.0,1.0,1.1102230246251565e-16,0.0,0.0,4.683677536343178e-08,0.03686824656891087,0.001909167802211932
policy,2424,0.248,0,280,0,1.0,1.0,0.0,0.0,0.0,2.2323806609485557e-07,0.03762632155528839,0.001911546849644078
policy,2424,0.332,1,280,0,1.0,1.0,0.0,0.0,0.0,4.363914191539411e-08,0.03839835603696773,0.0019289255519030235
policy,2424,0.41600000000000004,0,280,0,1.0,1.0,0.0,0.0,0.0,5.302788234078757e-08,0.03918490786883585,0.0019585294704444886
policy,2424,0.5,0,280,0,1.0,1.0,0.0,0.0,0.0,2.680110709719453e-07,0.03998644703016267,0.0019985668968342087
policy,2424,0.584,1,280,0,1.0,1.0,0.0,0.0,0.0,6.690716909059047e-08,0.04080344323534613,0.0020478117893495138
policy,2424,0.668,0,276,0,1.0,1.0,0.0,0.0,0.0,6.838856274482825e-07,0.0416363162164671,0.0021054475492604282
policy,2424,0.752,1,271,0,1.0,1.0,2.220446049250313e-16,0.0,0.0,4.1977030867136264e-08,0.042485500934133384,0.002170873087191168
policy,2424,0.836,0,258,0,1.0,1.0,1.1102230246251565e-16,0.0,0.0,3.986195206963676e-08,0.04335145313729586,0.002243694755571575
policy,2424,0.92,1,252,0,1.0,1.0,0.0,0.0,0.0,2.4928310628897494e-07,0.04423461342772168,0.0023236342680135256
policy,2525,0.08,0,280,0,1.0,1.0,2.220446049250313e-16,0.0,0.0,1.843903673010701e-06,0.036107257450988146,0.001814059046358251
policy,2525,0.164,0,280,0,1.0,1.0,0.0,0.0,0.0,1.4497239609727148e-07,0.03685416168854723,0.0017809578091476691
policy,2525,0.248,0,280,0,1.0,1.0,0.0,0.0,0.0,2.793925104304597e-07,0.0376156146334782,0.0017647090498724702
policy,2525,0.332,0,280,0,1.0,1.0,1.1102230246251565e-16,0.0,0.0,6.368576459813083e-08,0.038392429731357175,0.0017608078674370242
policy,2525,0.41600000000000004,1,280,0,1.0,1.0,0.0,0.0,0.0,9.703593851261657e-08,0.03918529517882798,0.0017664115522576368
policy,2525,0.5,0,280,0,1.0,1.0,0.0,0.0,0.0,5.180935243524105e-08,0.03999483334971227,0.0017796432664029225
policy,2525,0.584,1,280,0,1.0,1.0,0.0,0.0,0.0,4.320915636021908e-07,0.04082163250307312,0.0017992109101979507
policy,2525,0.668,0,280,0,1.0,1.0,0.0,0.0,0.0,1.326615620167188e-07,0.04166621293343263,0.0018242150619492113
policy,2525,0.752,0,280,0,1.0,1.0,0.0,0.0,0.0,7.724947221102669e-08,0.04252912295792933,0.0018540055368144856
policy,2525,0.836,1,280,0,1.0,1.0,2.220446049250313e-16,0.0,0.0,6.561673858675788e-08,0.04341087426147346,0.0018881048999727981
policy,2525,0.92,0,280,0,1.0,1.0,0.0,0.0,0.0,5.1100566482972505e-08,0.044311983904613515,0.0019261656068788623
policy,2626,0.08,1,265,0,1.0,1.0,0.0,0.0,0.0,2.447489404469583e-07,0.036138271505936674,0.001807956602967179
policy,2626,0.164,0,280,0,1.0,1.0,0.0,0.0,0.0,4.1169615584771076e-08,0.03688856262464013,0.0017717991757597719
policy,2626,0.248,1,280,0,1.0,1.0,1.1102230246251565e-16,0.0,0.0,1.1974411745209446e-07,0.037653519935937046,0.0017525163411812163
policy,2626,0.332,0,280,0,1.0,1.0,0.0,0.0,0.0,3.299467073669051e-07,0.03843400797935994,0.0017455133798881378
policy,2626,0.41600000000000004,1,280,0,1.0,1.0,0.0,0.0,0.0,3.0590070758754506e-08,0.03923071216433755,0.001747928002479798
policy,2626,0.5,0,280,0,1.0,1.0,0.0,0.0,0.0,8.008844254547386e-08,0.040044281455658436,0.0017578469964073214
policy,2626,0.584,1,280,0,1.0,1.0,0.0,0.0,0.0,5.5898854840007196e-08,0.040875296962395474,0.0017739653812760708
policy,2626,0.668,0,280,0,1.0,1.0,0.0,0.0,0.0,1.1674242315789065e-07,0.04172431878514443,0.0017953525326601133
policy,2626,0.752,0,280,0,1.0,1.0,0.0,0.0,0.0,1.0093234875274056e-07,0.042591886519410524,0.001821343312137152
policy,2626,0.836,1,280,0,1.0,1.0,0.0,0.0,0.0,1.908620964366544e-07,0.04347850989976986,0.001851461934119875
policy,2626,0.92,0,280,0,1.0,1.0,0.0,0.0,0.0,1.1771843409268928e-07,0.04438473856863099,0.0018853313916696074
policy,2727,0.08,1,260,0,1.0,1.0,0.0,0.0,0.0,1.2147885757161998e-07,0.03611957119346648,0.0018365124621313436
policy,2727,0.164,1,280,0,1.0,1.0,1.1102230246251565e-16,0.0,0.0,1.4716357923634796e-07,0.03686753378405257,0.001804766273607667
policy,2727,0.248,1,280,0,1.0,1.0,0.0,0.0,0.0,1.3379477127233401e-07,0.037629993484274246,0.0017901783113767418
policy,2727,0.332,0,280,0,1.0,1.0,0.0,0.0,0.0,6.699641431157536e-08,0.03840774972266743,0.0017882465770071426
policy,2727,0.41600000000000004,1,280,0,1.0,1.0,0.0,0.0,0.0,2.9553495988889717e-07,0.039201493621560654,0.0017961234831986217
policy,2727,0.5,1,280,0,1.0,1.0,2.220446049250313e-16,0.0,0.0,7.272302968690757e-08,0.0400118361854608,0.0018119196794463132
policy,2727,0.584,0,280,0,1.0,1.0,0.0,0.0,0.0,1.6317585826969233e-08,0.04083933918920756,0.001834363680524376
policy,2727,0.668,0,280,0,1.0,1.0,0.0,0.0,0.0,7.987484015879268e-08,0.04168452581360466,0.0018625642720055185
policy,2727,0.752,0,280,0,1.0,1.0,0.0,0.0,0.0,1.7086019884541902e-07,0.04254791593181907,0.0018958758419683217
policy,2727,0.836,0,280,0,1.0,1.0,0.0,0.0,0.0,1.1453070968113191e-07,0.043429996853543006,0.0019338519343528792
policy,2727,0.92,0,280,0,1.0,1.0,0.0,0.0,0.0,8.602890358039112e-08,0.044331278986368045,0.001976149031118071
policy,2828,0.08,0,280,0,1.0,1.0,1.1102230246251565e-16,0.0,0.0,6.534137364287064e-08,0.03611571986980456,0.001778825542121988
policy,2828,0.164,0,280,0,1.0,1.0,0.0,0.0,0.0,3.2851597791226417e-07,0.036863414511500894,0.0017426842600249339
policy,2828,0.248,1,280,0,1.0,1.0,0.0,0.0,0.0,1.367206581348704e-07,0.03762563901327275,0.0017231770385186314
policy,2828,0.332,1,280,0,1.0,1.0,0.0,0.0,0.0,7.110485424264805e-08,0.03840323578354253,0.0017157993673561005
policy,2828,0.41600000000000004,1,280,0,1.0,1.0,1.1102230246251565e-16,0.0,0.0,5.4805757166128406e-08,0.03919688781182666,0.0017177213283904992
policy,2828,0.5,1,280,0,1.0,1.0,2.220446049250313e-16,0.0,0.0,1.0377881288250417e-07,0.04000721859276037,0.0017270577699402938
policy,2828,0.584,1,280,0,1.0,1.0,2.220446049250313e-16,0.0,0.0,1.8893722068508157e-07,0.04083479428399454,0.0017425251926641442
policy,2828,0.668,1,280,0,1.0,1.0,0.0,0.0,0.0,8.07852893569606e-08,0.041680168253490885,0.0017632084652978064
policy,2828,0.752,1,280,0,1.0,1.0,0.0,0.0,0.0,1.5790692316333955e-07,0.04254384656135366,0.0017884656894372813
policy,2828,0.836,1,280,0,1.0,1.0,1.1102230246251565e-16,0.0,0.0,5.7574842154619816e-08,0.04342634296511284,0.001817814890206479
policy,2828,0.92,0,280,0,1.0,1.0,0.0,0.0,0.0,1.5638362364270948e-07,0.04432815913110864,0.001850909868005921
policy,2929,0.08,0,280,0,1.0,1.0,1.1102230246251565e-16,0.0,0.0,6.45454283805826e-07,0.03610954120735003,0.0018035133471721
policy,2929,0.164,0,280,0,1.0,1.0,0.0,0.0,0.0,7.991829574869817e-08,0.036856435057686945,0.0017700738226086974
policy,2929,0.248,1,280,0,1.0,1.0,2.220446049250313e-16,0.0,0.0,3.0226028561428695e-08,0.03761776157179186,0.001753549244054913
policy,2929,0.332,0,280,0,1.0,1.0,0.0,0.0,0.0,2.617606553271839e-07,0.0383943541082483,0.0017494256634485671
policy,2929,0.41600000000000004,1,280,0,1.0,1.0,0.0,0.0,0.0,8.46148250156686e-08,0.03918687327943622,0.0017548967501460572
policy,2929,0.5,1,280,0,1.0,1.0,0.0,0.0,0.0,6.278092202342245e-08,0.039995928857983906,0.0017680972962621571
policy,2929,0.584,1,280,0,1.0,1.0,2.220446049250313e-16,0.0,0.0,5.470591255461402e-07,0.04082205932422169,0.0017877665439872334
policy,2929,0.668,1,280,0,1.0,1.0,0.0,0.0,0.0,1.0837892724531982e-07,0.041665810611637294,0.0018130095613325032
policy,2929,0.752,1,280,0,1.0,1.0,2.220446049250313e-16,0.0,0.0,3.8634444435949345e-08,0.04252764937820133,0.0018432030932756052
policy,2929,0.836,0,280,0,1.0,1.0,0.0,0.0,0.0,8.381280407300005e-08,0.0434080687825594,0.0018778957202987604
policy,2929,0.92,0,280,0,1.0,1.0,0.0,0.0,0.0,4.290160329622584e-08,0.04430755261623094,0.001916758634270598
policy,3030,0.08,1,269,0,1.0,1.0,1.1102230246251565e-16,0.0,0.0,9.305872500894922e-08,0.036082674384192805,0.001780678036552552
policy,3030,0.164,1,280,0,1.0,1.0,0.0,0.0,0.0,3.5489462624546255e-07,0.03682673711400274,0.00174758067694812
policy,3030,0.248,0,280,0,1.0,1.0,0.0,0.0,0.0,1.754767494379255e-07,0.037585173558547895,0.001731072924675685
policy,3030,0.332,0,280,0,1.0,1.0,2.220446049250313e-16,0.0,0.0,5.73698986702362e-08,0.03835881365058403,0.0017267146567757513
policy,3030,0.41600000000000004,1,280,0,1.0,1.0,0.0,0.0,0.0,9.738372319717273e-08,0.039148336102579,0.0017316998994408078
policy,3030,0.5,0,280,0,1.0,1.0,1.1102230246251565e-16,0.0,0.0,5.26082443248213e-08,0.03995436009256378,0.0017441771084923529
policy,3030,0.584,1,280,0,1.0,1.0,0.0,0.0,0.0,4.071723304517878e-08,0.04077744741712493,0.0017628771877935356
policy,3030,0.668,1,280,0,1.0,1.0,1.1102230246251565e-16,0.0,0.0,5.560889041000823e-07,0.04161812615510811,0.0017869090898665033
policy,3030,0.752,1,280,0,1.0,1.0,0.0,0.0,0.0,1.3950727998719772e-07,0.04247694931423898,0.0018156176084261919
policy,3030,0.836,0,280,0,1.0,1.0,0.0,0.0,0.0,1.4141638323290572e-07,0.04335440169774813,0.0018485403583087957
policy,3030,0.92,0,280,0,1.0,1.0,0.0,0.0,0.0,3.158644138177276e-07,0.044250998443859206,0.0018853295957273507
