Date,S_EW,decision_id,period,common_calendar_position
2015-06-15,0.8375000000,0,train,125
2015-07-14,0.2625000000,1,train,145
2015-08-11,0.7125000000,2,train,165
2015-09-09,0.5291666667,3,train,185
2015-10-07,0.3125000000,4,train,205
2015-11-04,0.6958333333,5,train,225
2015-12-03,0.9791666667,6,train,245
2016-01-04,0.2875000000,7,train,265
2016-02-02,0.5958333333,8,train,285
2016-03-02,0.1958333333,9,train,305
2016-03-31,0.6708333333,10,train,325
2016-04-28,0.0125000000,11,train,345
2016-05-26,0.9708333333,12,train,365
2016-06-24,0.0041666667,13,train,385
2016-07-25,0.6291666667,14,train,405
2016-08-22,0.7541666667,15,train,425
2016-09-20,0.1875000000,16,train,445
2016-10-18,0.6291666667,17,train,465
2016-11-15,0.4541666667,18,train,485
2016-12-14,0.9791666667,19,train,505
2017-01-13,0.7208333333,20,train,525
2017-02-13,0.4291666667,21,train,545
2017-03-14,0.3625000000,22,train,565
2017-04-11,0.6125000000,23,train,585
2017-05-10,0.3958333333,24,train,605
2017-06-08,0.6791666667,25,train,625
2017-07-07,0.9208333333,26,train,645
2017-08-04,0.3291666667,27,train,665
2017-09-01,0.0458333333,28,train,685
2017-10-02,0.1791666667,29,train,705
2017-10-30,0.3291666667,30,train,725
2017-11-28,0.0541666667,31,train,745
2017-12-27,0.5875000000,32,train,765
2018-01-26,0.0791666667,33,train,785
2018-02-26,0.2375000000,34,train,805
2018-03-26,0.6041666667,35,train,825
2018-04-24,0.7958333333,36,train,845
2018-05-22,0.9041666667,37,train,865
2018-06-20,0.9041666667,38,train,885
2018-07-19,0.3458333333,39,train,905
2018-08-16,0.1625000000,40,train,925
2018-09-14,0.7958333333,41,train,945
2018-10-12,0.3125000000,42,train,965
2018-11-09,0.6458333333,43,train,985
2018-12-11,0.4541666667,44,train,1005
2019-01-10,0.7708333333,45,train,1025
2019-02-08,0.8875000000,46,train,1045
2019-03-11,0.0875000000,47,train,1065
2019-04-08,0.7791666667,48,train,1085
2019-05-07,0.5125000000,49,train,1105
2019-06-05,0.2458333333,50,train,1125
2019-07-03,0.8458333333,51,train,1145
2019-08-01,0.9458333333,52,train,1165
2019-08-29,0.7791666667,53,train,1185
2019-09-27,0.3458333333,54,train,1205
2019-10-25,0.8291666667,55,train,1225
2019-11-22,0.7458333333,56,train,1245
2019-12-23,0.4625000000,57,train,1265
2020-01-23,0.6791666667,58,validation,1285
2020-02-21,0.3625000000,59,validation,1305
2020-03-20,0.1291666667,60,validation,1325
2020-04-20,0.3375000000,61,validation,1345
2020-05-18,0.9125000000,62,validation,1365
2020-06-16,0.4291666667,63,validation,1385
2020-07-15,0.0208333333,64,validation,1405
2020-08-12,0.2541666667,65,validation,1425
2020-09-10,0.7208333333,66,validation,1445
2020-10-08,0.3208333333,67,validation,1465
2020-11-05,0.9958333333,68,validation,1485
2020-12-04,0.9958333333,69,validation,1505
2021-01-05,0.8625000000,70,validation,1525
2021-02-03,0.8541666667,71,validation,1545
2021-03-04,0.7875000000,72,validation,1565
2021-04-01,0.1625000000,73,validation,1585
2021-04-30,0.3458333333,74,validation,1605
2021-05-28,0.0458333333,75,validation,1625
2021-06-28,0.3291666667,76,validation,1645
2021-07-27,0.6708333333,77,validation,1665
2021-08-24,0.9541666667,78,validation,1685
2021-09-22,0.3625000000,79,validation,1705
2021-10-20,0.9958333333,80,validation,1725
2021-11-17,0.8625000000,81,validation,1745
2021-12-16,0.9958333333,82,validation,1765
2022-01-14,0.5958333333,83,test,1785
2022-02-14,0.2791666667,84,test,1805
2022-03-15,0.0625000000,85,test,1825
2022-04-12,0.3875000000,86,test,1845
2022-05-11,0.4541666667,87,test,1865
2022-06-09,0.7458333333,88,test,1885
2022-07-11,0.6291666667,89,test,1905
2022-08-08,0.3541666667,90,test,1925
2022-09-06,0.0541666667,91,test,1945
2022-10-04,0.3708333333,92,test,1965
2022-11-01,0.4041666667,93,test,1985
2022-11-30,0.9541666667,94,test,2005
2022-12-29,0.1375000000,95,test,2025
2023-01-30,0.1041666667,96,test,2045
2023-02-28,0.2458333333,97,test,2065
2023-03-28,0.8458333333,98,test,2085
2023-04-26,0.2625000000,99,test,2105
2023-05-24,0.3791666667,100,test,2125
2023-06-23,0.1875000000,101,test,2145
2023-07-24,0.2625000000,102,test,2165
2023-08-21,0.2708333333,103,test,2185
2023-09-19,0.8958333333,104,test,2205
2023-10-17,0.0708333333,105,test,2225
2023-11-14,0.9291666667,106,test,2245
2023-12-13,0.9375000000,107,test,2265
2024-01-12,0.3291666667,108,test,2285
2024-02-12,0.1375000000,109,test,2305
2024-03-12,0.3125000000,110,test,2325
2024-04-10,0.0375000000,111,test,2345
2024-05-08,0.2375000000,112,test,2365
2024-06-06,0.4708333333,113,test,2385
2024-07-08,0.1791666667,114,test,2405
2024-08-05,0.1791666667,115,test,2425
2024-09-03,0.1125000000,116,test,2445
2024-10-01,0.2208333333,117,test,2465
2024-10-29,0.7708333333,118,test,2485
2024-11-26,0.8625000000,119,test,2505
2024-12-26,0.9125000000,120,test,2525
2025-01-28,0.7208333333,121,test,2545
2025-02-26,0.6625000000,122,test,2565
2025-03-26,0.8375000000,123,test,2585
2025-04-24,0.4041666667,124,test,2605
2025-05-22,0.4708333333,125,test,2625
2025-06-23,0.7458333333,126,test,2645
2025-07-22,0.1958333333,127,test,2665
2025-08-19,0.0541666667,128,test,2685
2025-09-17,0.2625000000,129,test,2705
2025-10-15,0.3458333333,130,test,2725
2025-11-12,0.5125000000,131,test,2745
2025-12-11,0.2208333333,132,test,2765
2026-01-12,0.6041666667,133,test,2785
2026-02-10,0.2125000000,134,test,2805
2026-03-11,0.2125000000,135,test,2825
2026-04-09,0.4041666667,136,test,2845
2026-05-07,0.0625000000,137,test,2865
2026-06-05,0.2625000000,138,test,2885
2026-07-07,0.0291666667,139,test,2905
2026-08-04,0.5458333333,140,test,2925
