decision_id,Date,period,universe,S_EW,common_calendar_position,n_history,nominal_mean_logXi,nominal_var_logXi,effective_n,n_boot_valid,Gamma_q50,Gamma_q90,Gamma_hat_v5_4,Gamma_q99,Gamma_boot_mean,Gamma_boot_max
0,2015-06-15,train,B_Firm,0.8375000000,125,125,-0.0179732839,0.8466490361,45.8514658273,466,0.0359155425,0.1348767502,0.1631927756,0.2580504274,0.0555427707,0.3703064017
1,2015-07-14,train,B_Firm,0.2625000000,145,145,-0.0991091677,0.3292962283,73.7442936117,500,0.0096816296,0.0326114706,0.0451505707,0.0884620525,0.0160170148,0.4605452646
2,2015-08-11,train,B_Firm,0.7125000000,165,165,-0.0272794953,0.6554620254,76.4868772627,500,0.0343444714,0.1546679269,0.2007826497,0.2622040490,0.0585705965,0.5237523109
3,2015-09-09,train,B_Firm,0.5291666667,185,185,0.0626452519,0.4714259902,96.4476355304,500,0.0102699991,0.0488447840,0.0726478465,0.1321188663,0.0199819505,0.1884931304
4,2015-10-07,train,B_Firm,0.3125000000,205,205,0.0172690729,0.3873459015,113.5911595182,500,0.0090736947,0.0393457259,0.0542047090,0.1008333150,0.0158821456,0.1406376874
5,2015-11-04,train,B_Firm,0.6958333333,225,225,0.1059232080,0.5780840323,114.3397322059,500,0.0161139657,0.0543096527,0.0729536629,0.1323165850,0.0245522317,0.1933357739
6,2015-12-03,train,B_Firm,0.9791666667,245,245,-0.3235194232,0.4987377971,71.4229889869,500,0.0216918340,0.0779161094,0.1222725113,0.1977044033,0.0343713387,0.2664090127
7,2016-01-04,train,B_Firm,0.2875000000,265,265,0.0397531939,0.4220666361,122.4114455929,500,0.0086185385,0.0336013853,0.0454885511,0.0803056595,0.0141910466,0.1778580699
8,2016-02-02,train,B_Firm,0.5958333333,285,285,0.1250051265,0.4813324805,151.1275233473,500,0.0066985328,0.0235887372,0.0332935163,0.0610029711,0.0103653272,0.0815148860
9,2016-03-02,train,B_Firm,0.1958333333,305,305,0.1627099846,0.4342693859,129.5297389888,500,0.0088136323,0.0430466562,0.0550267408,0.0971679162,0.0166059964,0.1604239363
10,2016-03-31,train,B_Firm,0.6708333333,325,325,0.1477298940,0.5301297801,160.2764859606,500,0.0076831989,0.0284796441,0.0375429670,0.0560310707,0.0118496551,0.0735925163
11,2016-04-28,train,B_Firm,0.0125000000,345,345,0.3781015692,0.5191781656,100.2040902967,500,0.0207947859,0.1209378301,0.1470871706,0.2151126583,0.0427744586,0.2831676412
12,2016-05-26,train,B_Firm,0.9708333333,365,365,-0.0827582913,0.5522783869,115.2086365050,500,0.0149008685,0.0652887927,0.0934148149,0.1530762014,0.0265219563,0.2217466861
13,2016-06-24,train,B_Firm,0.0041666667,385,385,0.2475972842,0.5647028922,108.3301563672,500,0.0229850255,0.1121689218,0.1490362663,0.2490440132,0.0441606722,0.3369377693
14,2016-07-25,train,B_Firm,0.6291666667,405,405,0.0092777097,0.5952498179,198.4197397765,500,0.0088100750,0.0306633092,0.0373234837,0.0649944489,0.0130231254,0.0755667111
15,2016-08-22,train,B_Firm,0.7541666667,425,425,-0.0313514096,0.6494589697,205.7897848265,500,0.0087736560,0.0307547480,0.0415900393,0.0544141262,0.0130941443,0.0907903959
16,2016-09-20,train,B_Firm,0.1875000000,445,445,-0.0454322527,0.5392826494,193.2854679404,500,0.0091638486,0.0348925984,0.0453263823,0.0784137320,0.0150346996,0.2116999131
17,2016-10-18,train,B_Firm,0.6291666667,465,465,-0.1061169654,0.6394126739,241.3714194103,500,0.0076294104,0.0277747541,0.0379399020,0.0574726354,0.0118575294,0.0859659800
18,2016-11-15,train,B_Firm,0.4541666667,485,485,-0.1093435672,0.5817561319,255.8709373420,500,0.0068203051,0.0224243877,0.0323853322,0.0418641244,0.0096608278,0.0767032545
19,2016-12-14,train,B_Firm,0.9791666667,505,505,-0.0805839475,0.5977711970,149.5528103936,500,0.0113715094,0.0442091785,0.0623526707,0.1306241863,0.0195582812,0.1871382189
20,2017-01-13,train,B_Firm,0.7208333333,525,525,-0.1154070741,0.6752870108,263.7955695958,500,0.0069506186,0.0227850744,0.0311501112,0.0425531729,0.0101661132,0.0869427309
21,2017-02-13,train,B_Firm,0.4291666667,545,545,-0.1205374836,0.5609877981,271.3450909348,500,0.0061426777,0.0231314912,0.0321552537,0.0541441707,0.0098973656,0.0711726648
22,2017-03-14,train,B_Firm,0.3625000000,565,565,-0.1044756985,0.5326519793,276.7674528176,500,0.0069668371,0.0223714289,0.0283411083,0.0482214011,0.0098234446,0.0632778910
23,2017-04-11,train,B_Firm,0.6125000000,585,585,-0.1371568375,0.6213733040,301.7612155681,500,0.0060862433,0.0201965885,0.0300440651,0.0422104706,0.0090427776,0.0557446791
24,2017-05-10,train,B_Firm,0.3958333333,605,605,-0.1439683874,0.5332888387,314.1251356573,500,0.0049029664,0.0192227925,0.0246267066,0.0374434460,0.0081311715,0.0532651965
25,2017-06-08,train,B_Firm,0.6791666667,625,625,-0.1484054245,0.6191234237,328.1613004531,500,0.0045184693,0.0166639174,0.0253371295,0.0352593184,0.0072525629,0.0446432178
26,2017-07-07,train,B_Firm,0.9208333333,645,645,-0.1902934085,0.6304740453,224.2104502119,500,0.0082904456,0.0308616924,0.0440817415,0.0713810044,0.0135854740,0.0963101139
27,2017-08-04,train,B_Firm,0.3291666667,665,665,-0.1474582045,0.4844347598,331.6846864739,500,0.0054716039,0.0197697909,0.0233515043,0.0400003081,0.0081395839,0.0557494176
28,2017-09-01,train,B_Firm,0.0458333333,685,685,0.1126346639,0.5543887824,184.5647371429,500,0.0094254064,0.0416797596,0.0604510533,0.0867248028,0.0168633282,0.1132259516
29,2017-10-02,train,B_Firm,0.1791666667,705,705,-0.0683846671,0.4917984741,289.8321756107,500,0.0054168614,0.0238621109,0.0290364931,0.0632216672,0.0092897614,0.0822298559
30,2017-10-30,train,B_Firm,0.3291666667,725,725,-0.1735464215,0.4792859483,371.4364205294,500,0.0042623654,0.0147371522,0.0201219429,0.0328072783,0.0065021565,0.0481072152
31,2017-11-28,train,B_Firm,0.0541666667,745,745,0.0960575370,0.5234712365,227.0215962492,500,0.0066698110,0.0289957897,0.0456997967,0.0761259645,0.0119734967,0.1028062785
32,2017-12-27,train,B_Firm,0.5875000000,765,765,-0.1902190867,0.5581613148,403.2943373326,500,0.0041294783,0.0154687475,0.0207847321,0.0294969643,0.0064362008,0.0400828886
33,2018-01-26,train,B_Firm,0.0791666667,785,785,0.0842306331,0.5089592678,263.6464036530,500,0.0053575193,0.0223745826,0.0301627387,0.0575860942,0.0094995171,0.1086876453
34,2018-02-26,train,B_Firm,0.2375000000,805,805,-0.0550661041,0.4945550976,388.8823670169,500,0.0044570112,0.0174150326,0.0228476529,0.0337751412,0.0069714370,0.0503994733
35,2018-03-26,train,B_Firm,0.6041666667,825,825,-0.1507684814,0.5788462504,429.2111510280,500,0.0046565793,0.0145421738,0.0191237327,0.0343082664,0.0067238485,0.0534483239
36,2018-04-24,train,B_Firm,0.7958333333,845,845,-0.1398406537,0.6172128914,374.7847285068,500,0.0043732879,0.0150040045,0.0193697769,0.0370127269,0.0066536443,0.0601278028
37,2018-05-22,train,B_Firm,0.9041666667,865,865,-0.1438570161,0.6152082834,300.1108731491,500,0.0056706895,0.0208179204,0.0305269096,0.0485191692,0.0090801716,0.0821153128
38,2018-06-20,train,B_Firm,0.9041666667,885,885,-0.1367621513,0.6076848768,310.9825050145,500,0.0068530342,0.0244955879,0.0322639103,0.0467429531,0.0100241869,0.1114634001
39,2018-07-19,train,B_Firm,0.3458333333,905,905,-0.1002935636,0.4963604934,471.8649380963,500,0.0035102579,0.0144177300,0.0188341276,0.0303369290,0.0059238895,0.0389716617
40,2018-08-16,train,B_Firm,0.1625000000,925,925,0.0098222902,0.4787611340,393.9946240255,500,0.0038606439,0.0176871276,0.0226969381,0.0393772001,0.0070009996,0.0914259148
41,2018-09-14,train,B_Firm,0.7958333333,945,945,-0.1177306052,0.6011433959,420.4206565261,500,0.0039469942,0.0122229104,0.0183457534,0.0350811126,0.0056748538,0.0381892199
42,2018-10-12,train,B_Firm,0.3125000000,965,965,-0.0900422798,0.4828735713,500.5359304372,500,0.0034219573,0.0112918316,0.0165544272,0.0296229707,0.0053706175,0.0446199270
43,2018-11-09,train,B_Firm,0.6458333333,985,985,-0.1153967150,0.5865499101,499.8348648211,500,0.0032839937,0.0120182490,0.0149420362,0.0250073309,0.0051534259,0.0538004360
44,2018-12-11,train,B_Firm,0.4541666667,1005,1005,-0.1087122849,0.5208198517,536.4693563182,500,0.0032480479,0.0123592078,0.0178898032,0.0297721086,0.0052633797,0.0354898578
45,2019-01-10,train,B_Firm,0.7708333333,1025,1025,-0.1007211190,0.5727495105,481.7054759555,500,0.0036478910,0.0122383736,0.0161516852,0.0249291498,0.0051004190,0.0500759389
46,2019-02-08,train,B_Firm,0.8875000000,1045,1045,-0.1278047889,0.5702628228,387.3686844799,500,0.0047285141,0.0166685360,0.0232924836,0.0350464974,0.0071043642,0.0520182663
47,2019-03-11,train,B_Firm,0.0875000000,1065,1065,0.0660974637,0.4737079738,362.8099421678,500,0.0041734841,0.0161231389,0.0254954964,0.0413811182,0.0070642895,0.0575369837
48,2019-04-08,train,B_Firm,0.7791666667,1085,1085,-0.1131286957,0.5726846545,508.0173479850,500,0.0028628447,0.0109980486,0.0144371810,0.0220193094,0.0045138770,0.0367760100
49,2019-05-07,train,B_Firm,0.5125000000,1105,1105,-0.1166890653,0.5339857636,573.8536098549,500,0.0031211561,0.0111114896,0.0146240650,0.0241852203,0.0048389742,0.0352618628
50,2019-06-05,train,B_Firm,0.2458333333,1125,1125,-0.0718025336,0.4656370940,539.0426832024,500,0.0031816721,0.0125436951,0.0150245655,0.0271244431,0.0051489246,0.0354908566
51,2019-07-03,train,B_Firm,0.8458333333,1145,1145,-0.1179338517,0.5563386313,468.8519540355,500,0.0037197040,0.0129892838,0.0171530112,0.0265526261,0.0053877581,0.0384550852
52,2019-08-01,train,B_Firm,0.9458333333,1165,1165,-0.1610720150,0.5462549213,376.7266460184,500,0.0044704160,0.0171767884,0.0235703442,0.0419268347,0.0072552278,0.0642633620
53,2019-08-29,train,B_Firm,0.7791666667,1185,1185,-0.0961538192,0.5625841383,559.8817846812,500,0.0026878979,0.0101696623,0.0127796855,0.0163528132,0.0040480371,0.0227468473
54,2019-09-27,train,B_Firm,0.3458333333,1205,1205,-0.0908624630,0.4698133382,616.8264160002,500,0.0028028106,0.0100186595,0.0127907527,0.0201129422,0.0042451619,0.0351374459
55,2019-10-25,train,B_Firm,0.8291666667,1225,1225,-0.1089061156,0.5552307748,537.2945781817,500,0.0028122548,0.0095996711,0.0121936549,0.0207195887,0.0041095134,0.0318572345
56,2019-11-22,train,B_Firm,0.7458333333,1245,1245,-0.0827203815,0.5628288982,615.9677764809,500,0.0028564547,0.0090629014,0.0119295386,0.0180655358,0.0038638087,0.0272445980
57,2019-12-23,train,B_Firm,0.4625000000,1265,1265,-0.0916467482,0.4948470818,658.4790262620,500,0.0026195068,0.0089506075,0.0116064538,0.0182681057,0.0038690102,0.0234983230
58,2020-01-23,validation,B_Firm,0.6791666667,1285,1285,-0.0877619305,0.5492758336,667.1531850982,500,0.0025777974,0.0089946869,0.0117069750,0.0194767942,0.0039667808,0.0431883795
59,2020-02-21,validation,B_Firm,0.3625000000,1305,1305,-0.0809890428,0.4834921157,663.0426189631,500,0.0023782491,0.0086681326,0.0112668528,0.0187881503,0.0037841621,0.0274847087
60,2020-03-20,validation,B_Firm,0.1291666667,1325,1325,0.0981393268,0.6606554835,499.6092619350,500,0.0129721053,0.0484306555,0.0646589940,0.1052715659,0.0203253494,0.1815012018
61,2020-04-20,validation,B_Firm,0.3375000000,1345,1345,-0.0285777619,0.5591396944,676.8334323992,500,0.0043250933,0.0179653558,0.0217616439,0.0353130600,0.0070129844,0.0573267140
62,2020-05-18,validation,B_Firm,0.9125000000,1365,1365,-0.1147365869,0.5802366390,491.1393895181,500,0.0036707353,0.0140307866,0.0184391459,0.0277403717,0.0057531052,0.0388865718
63,2020-06-16,validation,B_Firm,0.4291666667,1385,1385,-0.0375015332,0.5439179991,719.1046046228,500,0.0039296235,0.0115678716,0.0148613698,0.0250702107,0.0053130041,0.0472282550
64,2020-07-15,validation,B_Firm,0.0208333333,1405,1405,0.2419853406,0.7582997327,389.6073159365,500,0.0227566862,0.0895113633,0.1164128528,0.2033679878,0.0370888421,0.3152167459
65,2020-08-12,validation,B_Firm,0.2541666667,1425,1425,0.0015011460,0.5754312240,689.6049997401,500,0.0069616127,0.0249334403,0.0311775517,0.0495973093,0.0106739792,0.0685271868
66,2020-09-10,validation,B_Firm,0.7208333333,1445,1445,-0.0530060134,0.5866233035,713.7818148681,500,0.0023858748,0.0076003172,0.0099843647,0.0202623938,0.0035537965,0.0272065369
67,2020-10-08,validation,B_Firm,0.3208333333,1465,1465,-0.0286808528,0.5714576044,747.7783979176,500,0.0050804172,0.0170994782,0.0224182544,0.0332777866,0.0074175473,0.0637525275
68,2020-11-05,validation,B_Firm,0.9958333333,1485,1485,-0.1343959061,0.5698008164,401.8289797221,500,0.0054383807,0.0216180693,0.0303551059,0.0442516881,0.0089121859,0.0739170066
69,2020-12-04,validation,B_Firm,0.9958333333,1505,1505,-0.1518575464,0.5595359857,420.1930483472,500,0.0049405423,0.0200856900,0.0260388459,0.0443412019,0.0084426907,0.0633550761
70,2021-01-05,validation,B_Firm,0.8625000000,1525,1525,-0.1331343492,0.6038519559,623.5475052395,500,0.0032449739,0.0106446933,0.0150811446,0.0258031277,0.0048720259,0.0495717818
71,2021-02-03,validation,B_Firm,0.8541666667,1545,1545,-0.1315969767,0.5924352863,651.8548587436,500,0.0033219678,0.0115369461,0.0142322439,0.0208598099,0.0047370969,0.0351454879
72,2021-03-04,validation,B_Firm,0.7875000000,1565,1565,-0.1076555863,0.5933164274,738.7616711223,500,0.0027689398,0.0100798957,0.0129881532,0.0170330209,0.0042184921,0.0199315453
73,2021-04-01,validation,B_Firm,0.1625000000,1585,1585,0.0383939458,0.6566292829,645.4275224859,500,0.0106628196,0.0415242370,0.0527486614,0.0845375846,0.0170372226,0.1242889095
74,2021-04-30,validation,B_Firm,0.3458333333,1605,1605,-0.0732007490,0.5727156232,809.5783978255,500,0.0045342039,0.0130417039,0.0175473825,0.0281502465,0.0062654766,0.0585488363
75,2021-05-28,validation,B_Firm,0.0458333333,1625,1625,0.1105350175,0.7508558306,499.6432714068,500,0.0162362738,0.0645181699,0.0773913685,0.1216341368,0.0275436106,0.2375443274
76,2021-06-28,validation,B_Firm,0.3291666667,1645,1645,-0.0852392055,0.5771520258,831.9406227670,500,0.0039404455,0.0171624298,0.0212707941,0.0285425213,0.0065318998,0.0622920893
77,2021-07-27,validation,B_Firm,0.6708333333,1665,1665,-0.1153069360,0.5912384205,840.1113455389,500,0.0024253217,0.0079870211,0.0109619352,0.0172759255,0.0034760527,0.0248732947
78,2021-08-24,validation,B_Firm,0.9541666667,1685,1685,-0.2109819386,0.5834566080,542.0276094953,500,0.0039581138,0.0135589895,0.0172995960,0.0287182351,0.0058261186,0.0446365984
79,2021-09-22,validation,B_Firm,0.3625000000,1705,1705,-0.1044288002,0.5681576494,862.4212357113,500,0.0034397958,0.0110824146,0.0151779012,0.0274122807,0.0049952404,0.0367158789
80,2021-10-20,validation,B_Firm,0.9958333333,1725,1725,-0.2499158126,0.5756305580,496.9152219534,500,0.0047600492,0.0194915135,0.0247627026,0.0386007028,0.0076052874,0.0834482189
81,2021-11-17,validation,B_Firm,0.8625000000,1745,1745,-0.1683721576,0.5845949698,722.6269819083,500,0.0027695201,0.0093396921,0.0112791685,0.0166367496,0.0040245986,0.0254689185
82,2021-12-16,validation,B_Firm,0.9958333333,1765,1765,-0.2161057654,0.5542698929,531.0305301961,500,0.0049443199,0.0188557160,0.0260246942,0.0402107235,0.0078190241,0.0592959584
83,2022-01-14,test,B_Firm,0.5958333333,1785,1785,-0.1218803789,0.5684500445,892.2449354368,500,0.0023357889,0.0076653029,0.0098981594,0.0149804561,0.0034215049,0.0265553476
84,2022-02-14,test,B_Firm,0.2791666667,1805,1805,-0.0831846901,0.6011111437,860.4434899937,500,0.0045596526,0.0147323997,0.0186758767,0.0303184223,0.0064664657,0.0446791706
85,2022-03-15,test,B_Firm,0.0625000000,1825,1825,0.0867422010,0.7474004527,580.4740044971,500,0.0129378461,0.0538732303,0.0646831743,0.1060299275,0.0209229275,0.1374377286
86,2022-04-12,test,B_Firm,0.3875000000,1845,1845,-0.0844648733,0.5633035664,918.0429945513,500,0.0031612951,0.0097228228,0.0125451209,0.0180106863,0.0043593880,0.0411910101
87,2022-05-11,test,B_Firm,0.4541666667,1865,1865,-0.0832854841,0.5558209318,930.7163485681,500,0.0024377600,0.0084012095,0.0100752197,0.0161940280,0.0035637078,0.0258228424
88,2022-06-09,test,B_Firm,0.7458333333,1885,1885,-0.1269151667,0.5909675159,914.8398763923,500,0.0020253121,0.0070329050,0.0092449814,0.0141028182,0.0029873833,0.0204600217
89,2022-07-11,test,B_Firm,0.6291666667,1905,1905,-0.1042698939,0.5722797722,954.3728694649,500,0.0021854180,0.0083241607,0.0100921941,0.0143510384,0.0033620194,0.0216974033
90,2022-08-08,test,B_Firm,0.3541666667,1925,1925,-0.0658388534,0.5652248971,967.2279578499,500,0.0030555578,0.0120515548,0.0143054156,0.0236607504,0.0048062782,0.0294491029
91,2022-09-06,test,B_Firm,0.0541666667,1945,1945,0.0866696382,0.7273987775,609.6451065078,500,0.0133240757,0.0534147693,0.0769933191,0.1291082276,0.0225084236,0.2246725926
92,2022-10-04,test,B_Firm,0.3708333333,1965,1965,-0.0736461622,0.5551199272,995.2109359059,500,0.0025524879,0.0091129962,0.0138882508,0.0219891274,0.0040697498,0.0318851344
93,2022-11-01,test,B_Firm,0.4041666667,1985,1985,-0.0739520291,0.5446174592,1012.2553224151,500,0.0024923926,0.0088584804,0.0121794982,0.0188615173,0.0038452523,0.0270049161
94,2022-11-30,test,B_Firm,0.9541666667,2005,2005,-0.1987468584,0.5642105488,647.5675844090,500,0.0033199700,0.0125749828,0.0169999530,0.0253845750,0.0051752494,0.0310207687
95,2022-12-29,test,B_Firm,0.1375000000,2025,2025,-0.0059938580,0.6533816183,808.1221460302,500,0.0095478407,0.0325303168,0.0436300819,0.0719200473,0.0144049318,0.0870851324
96,2023-01-30,test,B_Firm,0.1041666667,2045,2045,0.0205279788,0.6659837323,762.7484821147,500,0.0094322150,0.0318473383,0.0424150846,0.0621352571,0.0139172186,0.1804271882
97,2023-02-28,test,B_Firm,0.2458333333,2065,2065,-0.0556179101,0.5867087425,997.3814986973,500,0.0045132135,0.0174712019,0.0227058321,0.0347678702,0.0073776490,0.0477442698
98,2023-03-28,test,B_Firm,0.8458333333,2085,2085,-0.1559507991,0.5696760918,863.9537181964,500,0.0026504674,0.0084908159,0.0107066905,0.0165731904,0.0036714593,0.0239005883
99,2023-04-26,test,B_Firm,0.2625000000,2105,2105,-0.0629636794,0.5782374857,1031.1034022777,500,0.0043465232,0.0159090196,0.0212901444,0.0352603245,0.0065958911,0.0681592741
100,2023-05-24,test,B_Firm,0.3791666667,2125,2125,-0.0773568997,0.5403880245,1090.5519679945,500,0.0025703678,0.0081213203,0.0108347249,0.0202540211,0.0037309166,0.0291571287
101,2023-06-23,test,B_Firm,0.1875000000,2145,2145,-0.0395479703,0.6116065096,957.4282577807,500,0.0061460657,0.0222375704,0.0277891106,0.0480600106,0.0095653945,0.1125247218
102,2023-07-24,test,B_Firm,0.2625000000,2165,2165,-0.0641312570,0.5712549261,1062.5780323700,500,0.0041760690,0.0136073423,0.0173907303,0.0263255646,0.0059974925,0.0487974854
103,2023-08-21,test,B_Firm,0.2708333333,2185,2185,-0.0672300230,0.5672753722,1085.6013082637,500,0.0035317649,0.0135212313,0.0171399739,0.0299492461,0.0056972763,0.0629583582
104,2023-09-19,test,B_Firm,0.8958333333,2205,2205,-0.1905480736,0.5613704158,805.3506618162,500,0.0031056750,0.0093318673,0.0124809578,0.0187120878,0.0041697261,0.0232262998
105,2023-10-17,test,B_Firm,0.0708333333,2225,2225,0.0435253164,0.6716818513,762.7626646227,500,0.0106773102,0.0396812848,0.0511593262,0.0859575148,0.0170419535,0.2514671156
106,2023-11-14,test,B_Firm,0.9291666667,2245,2245,-0.2101099417,0.5542183168,751.0090194942,500,0.0029071899,0.0110737365,0.0151827301,0.0245072706,0.0047348598,0.0508607317
107,2023-12-13,test,B_Firm,0.9375000000,2265,2265,-0.2143444488,0.5488658580,746.6153545594,500,0.0025472597,0.0099873845,0.0130025600,0.0180919739,0.0040637630,0.0365149762
108,2024-01-12,test,B_Firm,0.3291666667,2285,2285,-0.0767515107,0.5483738055,1155.3020461776,500,0.0027048441,0.0090581583,0.0117000206,0.0194478498,0.0039394427,0.0282145318
109,2024-02-12,test,B_Firm,0.1375000000,2305,2305,-0.0084637255,0.6315320113,930.2291213237,500,0.0069153303,0.0266460398,0.0353241000,0.0648104916,0.0110778289,0.0832836701
110,2024-03-12,test,B_Firm,0.3125000000,2325,2325,-0.0738052549,0.5568424489,1171.2649577112,500,0.0027977849,0.0099622060,0.0130555861,0.0171898622,0.0041959596,0.0346600416
111,2024-04-10,test,B_Firm,0.0375000000,2345,2345,0.0736569546,0.6777898221,734.3226173695,500,0.0105414465,0.0396459558,0.0549563487,0.1021511951,0.0175104589,0.2090530911
112,2024-05-08,test,B_Firm,0.2375000000,2365,2365,-0.0622386719,0.5794160484,1140.3422350663,500,0.0038257054,0.0135672242,0.0176919809,0.0340672583,0.0059704601,0.0478827152
113,2024-06-06,test,B_Firm,0.4708333333,2385,2385,-0.0948461949,0.5291913844,1203.7113227194,500,0.0017362581,0.0064254448,0.0085609168,0.0121452635,0.0026964108,0.0218638388
114,2024-07-08,test,B_Firm,0.1791666667,2405,2405,-0.0439069667,0.5959849802,1078.5643232847,500,0.0055299269,0.0197320624,0.0262570772,0.0476950351,0.0086092615,0.1094373863
115,2024-08-05,test,B_Firm,0.1791666667,2425,2425,-0.0461657582,0.5938577997,1091.1947497342,500,0.0049499519,0.0187974137,0.0224595991,0.0407265407,0.0079322590,0.0693655092
116,2024-09-03,test,B_Firm,0.1125000000,2445,2445,-0.0087085202,0.6244266895,956.8751111114,500,0.0071554069,0.0245448931,0.0308406360,0.0535405614,0.0107158600,0.1166262959
117,2024-10-01,test,B_Firm,0.2208333333,2465,2465,-0.0627831156,0.5698137221,1185.7613303837,500,0.0037939664,0.0143713160,0.0201519247,0.0424113263,0.0063817906,0.1006410181
118,2024-10-29,test,B_Firm,0.7708333333,2485,2485,-0.1525879688,0.5600047908,1137.0893497715,500,0.0017962252,0.0059255954,0.0080957891,0.0147366897,0.0026963997,0.0263255668
119,2024-11-26,test,B_Firm,0.8625000000,2505,2505,-0.1674232860,0.5748091489,977.2274220018,500,0.0023312390,0.0077728037,0.0100668704,0.0160351562,0.0034282853,0.0269561035
120,2024-12-26,test,B_Firm,0.9125000000,2525,2525,-0.1798942165,0.5735526055,882.5467751235,500,0.0028688005,0.0095565040,0.0114850737,0.0174091642,0.0040944360,0.0416276821
121,2025-01-28,test,B_Firm,0.7208333333,2545,2545,-0.1280195460,0.5601665588,1234.8267541781,500,0.0016599606,0.0056649623,0.0074357737,0.0107042204,0.0024799148,0.0138055225
122,2025-02-26,test,B_Firm,0.6625000000,2565,2565,-0.1086356203,0.5584481373,1274.7925595843,500,0.0013091459,0.0054131097,0.0068938828,0.0111981588,0.0021965598,0.0202883786
123,2025-03-26,test,B_Firm,0.8375000000,2585,2585,-0.1510047094,0.5792050031,1095.8596011582,500,0.0018124073,0.0063128838,0.0079683923,0.0113405992,0.0026746182,0.0161452010
124,2025-04-24,test,B_Firm,0.4041666667,2605,2605,-0.0758775036,0.5261654036,1332.0494972523,500,0.0016748074,0.0063912192,0.0085347574,0.0140674508,0.0026431935,0.0157293706
125,2025-05-22,test,B_Firm,0.4708333333,2625,2625,-0.0819901954,0.5232827340,1330.5145175759,500,0.0014974523,0.0049799592,0.0058311017,0.0090144759,0.0021438482,0.0128705151
126,2025-06-23,test,B_Firm,0.7458333333,2645,2645,-0.1291441467,0.5703831990,1282.7094011551,500,0.0017198444,0.0049677015,0.0067484627,0.0097099835,0.0022546306,0.0123380452
127,2025-07-22,test,B_Firm,0.1958333333,2665,2665,-0.0446428407,0.5851131871,1191.1357891927,500,0.0044274575,0.0157095666,0.0201388257,0.0403603358,0.0067161614,0.0746606050
128,2025-08-19,test,B_Firm,0.0541666667,2685,2685,0.0430310889,0.6511438126,860.1586086124,500,0.0089709330,0.0385096841,0.0547337427,0.1016205718,0.0159728551,0.1455196328
129,2025-09-17,test,B_Firm,0.2625000000,2705,2705,-0.0671993980,0.5534956803,1324.4356283766,500,0.0025773861,0.0092619803,0.0121667021,0.0213942742,0.0041297229,0.0354017323
130,2025-10-15,test,B_Firm,0.3458333333,2725,2725,-0.0793199266,0.5274438654,1399.2121374998,500,0.0019356118,0.0060441647,0.0088531568,0.0146093262,0.0028252790,0.0332384227
131,2025-11-12,test,B_Firm,0.5125000000,2745,2745,-0.0950232512,0.5270835681,1383.3649611396,500,0.0013563671,0.0049420618,0.0062954702,0.0114497436,0.0021576665,0.0192662386
132,2025-12-11,test,B_Firm,0.2208333333,2765,2765,-0.0573048272,0.5615857070,1314.7852860662,500,0.0035626843,0.0124040594,0.0175860857,0.0295305297,0.0055809304,0.0462356008
133,2026-01-12,test,B_Firm,0.6041666667,2785,2785,-0.1046697314,0.5423107330,1375.6116854954,500,0.0012709911,0.0047571305,0.0058081953,0.0080109566,0.0019267437,0.0117662823
134,2026-02-10,test,B_Firm,0.2125000000,2805,2805,-0.0601484753,0.5706629159,1321.5315977981,500,0.0036297503,0.0115413352,0.0157382025,0.0315345167,0.0054616527,0.0689795921
135,2026-03-11,test,B_Firm,0.2125000000,2825,2825,-0.0583373954,0.5702595094,1331.0144293235,500,0.0033028817,0.0117087576,0.0165258801,0.0307738193,0.0055003015,0.0723147298
136,2026-04-09,test,B_Firm,0.4041666667,2845,2845,-0.0797280754,0.5217869629,1464.6940213982,500,0.0013951033,0.0049960541,0.0064252263,0.0099331739,0.0021607595,0.0246781038
137,2026-05-07,test,B_Firm,0.0625000000,2865,2865,0.0026104714,0.6321985573,984.7318359923,500,0.0085893184,0.0276041691,0.0352507753,0.0822235318,0.0128857687,0.1231831112
138,2026-06-05,test,B_Firm,0.2625000000,2885,2885,-0.0607239518,0.5467299735,1446.0104508903,500,0.0022634576,0.0086853551,0.0117054028,0.0205304392,0.0035897291,0.0313051204
139,2026-07-07,test,B_Firm,0.0291666667,2905,2905,0.0259614798,0.6393265453,912.4512215979,500,0.0097713196,0.0373565083,0.0485291250,0.0884707177,0.0161140298,0.2170526827
140,2026-08-04,test,B_Firm,0.5458333333,2925,2925,-0.0923855060,0.5255241162,1450.0319822505,500,0.0013062642,0.0040674474,0.0052440312,0.0084648261,0.0017884972,0.0146381987
